year,max_game_date,rn,x_numer,x_denom,xwoba,player_name,player_id,league_avg_xwoba,rn_fwd
2026,2026-10-06 19:00:00 CDT,1,37.57696,100,0.3757696,Brice Turang,668930,0.30215853658536584,1
2026,2026-10-06 19:00:00 CDT,2,37.28296,100,0.3728296,Brice Turang,668930,0.30215853658536584,2
2026,2026-10-06 19:00:00 CDT,3,36.92596,100,0.3692596,Brice Turang,668930,0.30215853658536584,3
2026,2026-10-06 19:00:00 CDT,4,37.72596,100,0.3772596,Brice Turang,668930,0.30215853658536584,4
2026,2026-10-06 19:00:00 CDT,5,38.221126,100,0.38221126,Brice Turang,668930,0.30215853658536584,5
2026,2026-10-05 19:00:00 CDT,6,38.466126,100,0.38466126,Brice Turang,668930,0.30215853658536584,6
2026,2026-10-05 19:00:00 CDT,7,38.141906,100,0.38141906,Brice Turang,668930,0.30215853658536584,7
2026,2026-10-05 19:00:00 CDT,8,37.863906,100,0.37863906,Brice Turang,668930,0.30215853658536584,8
2026,2026-10-05 19:00:00 CDT,9,37.804906,100,0.37804906,Brice Turang,668930,0.30215853658536584,9
2026,2026-10-05 19:00:00 CDT,10,37.522906,100,0.37522906,Brice Turang,668930,0.30215853658536584,10
2026,2026-10-03 19:00:00 CDT,11,38.030906,100,0.38030906,Brice Turang,668930,0.30215853658536584,11
2026,2026-10-03 19:00:00 CDT,12,38.030906,100,0.38030906,Brice Turang,668930,0.30215853658536584,12
2026,2026-10-03 19:00:00 CDT,13,38.184906,100,0.38184906,Brice Turang,668930,0.30215853658536584,13
2026,2026-10-03 19:00:00 CDT,14,37.766906,100,0.37766906,Brice Turang,668930,0.30215853658536584,14
2026,2026-10-02 19:00:00 CDT,15,38.006906,100,0.38006906,Brice Turang,668930,0.30215853658536584,15
2026,2026-10-02 19:00:00 CDT,16,38.437126,100,0.38437126,Brice Turang,668930,0.30215853658536584,16
2026,2026-10-02 19:00:00 CDT,17,38.443126,100,0.38443126,Brice Turang,668930,0.30215853658536584,17
2026,2026-10-02 19:00:00 CDT,18,38.172906,100,0.38172906,Brice Turang,668930,0.30215853658536584,18
2026,2026-09-26 19:00:00 CDT,19,38.674906,100,0.38674906,Brice Turang,668930,0.30215853658536584,19
2026,2026-09-26 19:00:00 CDT,20,38.767906,100,0.38767906,Brice Turang,668930,0.30215853658536584,20
2026,2026-09-26 19:00:00 CDT,21,38.765906,100,0.38765906,Brice Turang,668930,0.30215853658536584,21
2026,2026-09-26 19:00:00 CDT,22,38.135906,100,0.38135906,Brice Turang,668930,0.30215853658536584,22
2026,2026-09-25 19:00:00 CDT,23,38.020906,100,0.38020906,Brice Turang,668930,0.30215853658536584,23
2026,2026-09-25 19:00:00 CDT,24,38.020906,100,0.38020906,Brice Turang,668930,0.30215853658536584,24
2026,2026-09-25 19:00:00 CDT,25,37.099906,100,0.37099906,Brice Turang,668930,0.30215853658536584,25
2026,2026-09-25 19:00:00 CDT,26,36.782686,100,0.36782686,Brice Turang,668930,0.30215853658536584,26
2026,2026-09-24 19:00:00 CDT,27,36.985686,100,0.36985686,Brice Turang,668930,0.30215853658536584,27
2026,2026-09-24 19:00:00 CDT,28,36.812686,100,0.36812686,Brice Turang,668930,0.30215853658536584,28
2026,2026-09-24 19:00:00 CDT,29,37.443906,100,0.37443906,Brice Turang,668930,0.30215853658536584,29
2026,2026-09-24 19:00:00 CDT,30,36.880906,100,0.36880906,Brice Turang,668930,0.30215853658536584,30
2026,2026-09-24 19:00:00 CDT,31,36.947906,100,0.36947906,Brice Turang,668930,0.30215853658536584,31
2026,2026-09-23 19:00:00 CDT,32,36.272906,100,0.36272906,Brice Turang,668930,0.30215853658536584,32
2026,2026-09-23 19:00:00 CDT,33,36.016906,100,0.36016906,Brice Turang,668930,0.30215853658536584,33
2026,2026-09-23 19:00:00 CDT,34,36.016906,100,0.36016906,Brice Turang,668930,0.30215853658536584,34
2026,2026-09-23 19:00:00 CDT,35,35.901906,100,0.35901906,Brice Turang,668930,0.30215853658536584,35
2026,2026-09-23 19:00:00 CDT,36,35.574906,100,0.35574906,Brice Turang,668930,0.30215853658536584,36
2026,2026-09-22 19:00:00 CDT,37,35.775906,100,0.35775906,Brice Turang,668930,0.30215853658536584,37
2026,2026-09-22 19:00:00 CDT,38,35.972906,100,0.35972906,Brice Turang,668930,0.30215853658536584,38
2026,2026-09-22 19:00:00 CDT,39,35.917906,100,0.35917906,Brice Turang,668930,0.30215853658536584,39
2026,2026-09-22 19:00:00 CDT,40,35.753126,100,0.35753126,Brice Turang,668930,0.30215853658536584,40
2026,2026-09-21 19:00:00 CDT,41,35.334126,100,0.35334126,Brice Turang,668930,0.30215853658536584,41
2026,2026-09-21 19:00:00 CDT,42,35.137126,100,0.35137126,Brice Turang,668930,0.30215853658536584,42
2026,2026-09-21 19:00:00 CDT,43,35.835346,100,0.35835346,Brice Turang,668930,0.30215853658536584,43
2026,2026-09-21 19:00:00 CDT,44,35.725346,100,0.35725346,Brice Turang,668930,0.30215853658536584,44
2026,2026-09-19 19:00:00 CDT,45,35.925346,100,0.35925346,Brice Turang,668930,0.30215853658536584,45
2026,2026-09-19 19:00:00 CDT,46,36.016346,100,0.36016346,Brice Turang,668930,0.30215853658536584,46
2026,2026-09-19 19:00:00 CDT,47,36.148346,100,0.36148346,Brice Turang,668930,0.30215853658536584,47
2026,2026-09-19 19:00:00 CDT,48,36.156346,100,0.36156346,Brice Turang,668930,0.30215853658536584,48
2026,2026-09-17 19:00:00 CDT,49,36.854566,100,0.36854566,Brice Turang,668930,0.30215853658536584,49
2026,2026-09-17 19:00:00 CDT,50,36.609566,100,0.36609566,Brice Turang,668930,0.30215853658536584,50
2026,2026-09-17 19:00:00 CDT,51,36.609566,100,0.36609566,Brice Turang,668930,0.30215853658536584,51
2026,2026-09-17 19:00:00 CDT,52,37.099566,100,0.37099566,Brice Turang,668930,0.30215853658536584,52
2026,2026-09-17 19:00:00 CDT,53,36.800566,100,0.36800566,Brice Turang,668930,0.30215853658536584,53
2026,2026-09-16 19:00:00 CDT,54,37.682566,100,0.37682566,Brice Turang,668930,0.30215853658536584,54
2026,2026-09-16 19:00:00 CDT,55,36.984346,100,0.36984346,Brice Turang,668930,0.30215853658536584,55
2026,2026-09-16 19:00:00 CDT,56,36.132346,100,0.36132346,Brice Turang,668930,0.30215853658536584,56
2026,2026-09-16 19:00:00 CDT,57,36.132346,100,0.36132346,Brice Turang,668930,0.30215853658536584,57
2026,2026-09-16 19:00:00 CDT,58,36.260346,100,0.36260346,Brice Turang,668930,0.30215853658536584,58
2026,2026-09-15 19:00:00 CDT,59,37.076346,100,0.37076346,Brice Turang,668930,0.30215853658536584,59
2026,2026-09-15 19:00:00 CDT,60,36.896346,100,0.36896346,Brice Turang,668930,0.30215853658536584,60
2026,2026-09-15 19:00:00 CDT,61,36.305126,100,0.36305126,Brice Turang,668930,0.30215853658536584,61
2026,2026-09-15 19:00:00 CDT,62,35.577126,100,0.35577126,Brice Turang,668930,0.30215853658536584,62
2026,2026-09-15 19:00:00 CDT,63,35.556126,100,0.35556126,Brice Turang,668930,0.30215853658536584,63
2026,2026-09-14 19:00:00 CDT,64,36.020126,100,0.36020126,Brice Turang,668930,0.30215853658536584,64
2026,2026-09-14 19:00:00 CDT,65,35.951906,100,0.35951906,Brice Turang,668930,0.30215853658536584,65
2026,2026-09-14 19:00:00 CDT,66,35.883686,100,0.35883686,Brice Turang,668930,0.30215853658536584,66
2026,2026-09-14 19:00:00 CDT,67,35.235466,100,0.35235466,Brice Turang,668930,0.30215853658536584,67
2026,2026-09-14 19:00:00 CDT,68,35.598466,100,0.35598466,Brice Turang,668930,0.30215853658536584,68
2026,2026-09-12 19:00:00 CDT,69,34.963246,100,0.34963246,Brice Turang,668930,0.30215853658536584,69
2026,2026-09-12 19:00:00 CDT,70,34.189246,100,0.34189246,Brice Turang,668930,0.30215853658536584,70
2026,2026-09-12 19:00:00 CDT,71,34.814466,100,0.34814466,Brice Turang,668930,0.30215853658536584,71
2026,2026-09-12 19:00:00 CDT,72,35.296686,100,0.35296686,Brice Turang,668930,0.30215853658536584,72
2026,2026-09-11 19:00:00 CDT,73,35.296686,100,0.35296686,Brice Turang,668930,0.30215853658536584,73
2026,2026-09-11 19:00:00 CDT,74,35.240686,100,0.35240686,Brice Turang,668930,0.30215853658536584,74
2026,2026-09-11 19:00:00 CDT,75,34.491686,100,0.34491686,Brice Turang,668930,0.30215853658536584,75
2026,2026-09-11 19:00:00 CDT,76,34.243686,100,0.34243686,Brice Turang,668930,0.30215853658536584,76
2026,2026-09-11 19:00:00 CDT,77,33.545466,100,0.33545466,Brice Turang,668930,0.30215853658536584,77
2026,2026-09-10 19:00:00 CDT,78,32.763686,100,0.32763686,Brice Turang,668930,0.30215853658536584,78
2026,2026-09-10 19:00:00 CDT,79,31.117686,100,0.31117686,Brice Turang,668930,0.30215853658536584,79
2026,2026-09-10 19:00:00 CDT,80,30.735466,100,0.30735466,Brice Turang,668930,0.30215853658536584,80
2026,2026-09-10 19:00:00 CDT,81,29.982466,100,0.29982466,Brice Turang,668930,0.30215853658536584,81
2026,2026-09-08 19:00:00 CDT,82,29.713466,100,0.29713466,Brice Turang,668930,0.30215853658536584,82
2026,2026-09-08 19:00:00 CDT,83,29.990466,100,0.29990466,Brice Turang,668930,0.30215853658536584,83
2026,2026-09-08 19:00:00 CDT,84,29.931466,100,0.29931466,Brice Turang,668930,0.30215853658536584,84
2026,2026-09-08 19:00:00 CDT,85,29.514246,100,0.29514246,Brice Turang,668930,0.30215853658536584,85
2026,2026-09-07 19:00:00 CDT,86,29.991246,100,0.29991246,Brice Turang,668930,0.30215853658536584,86
2026,2026-09-07 19:00:00 CDT,87,29.957246,100,0.29957246,Brice Turang,668930,0.30215853658536584,87
2026,2026-09-07 19:00:00 CDT,88,29.051246,100,0.29051246,Brice Turang,668930,0.30215853658536584,88
2026,2026-09-07 19:00:00 CDT,89,29.147026,100,0.29147026,Brice Turang,668930,0.30215853658536584,89
2026,2026-09-07 19:00:00 CDT,90,28.261026,100,0.28261026,Brice Turang,668930,0.30215853658536584,90
2026,2026-09-06 19:00:00 CDT,91,27.779026,100,0.27779026,Brice Turang,668930,0.30215853658536584,91
2026,2026-09-06 19:00:00 CDT,92,27.148806,100,0.27148806,Brice Turang,668930,0.30215853658536584,92
2026,2026-09-06 19:00:00 CDT,93,27.662026,100,0.27662026,Brice Turang,668930,0.30215853658536584,93
2026,2026-09-06 19:00:00 CDT,94,28.224026,100,0.28224026,Brice Turang,668930,0.30215853658536584,94
2026,2026-09-05 19:00:00 CDT,95,27.525806,100,0.27525806,Brice Turang,668930,0.30215853658536584,95
2026,2026-09-05 19:00:00 CDT,96,28.054806,100,0.28054806,Brice Turang,668930,0.30215853658536584,96
2026,2026-09-05 19:00:00 CDT,97,27.860586,100,0.27860586,Brice Turang,668930,0.30215853658536584,97
2026,2026-09-05 19:00:00 CDT,98,27.232586,100,0.27232586,Brice Turang,668930,0.30215853658536584,98
2026,2026-09-05 19:00:00 CDT,99,27.112366,100,0.27112366,Brice Turang,668930,0.30215853658536584,99
2026,2026-09-04 19:00:00 CDT,100,27.754586,100,0.27754586,Brice Turang,668930,0.30215853658536584,100
2026,2026-10-06 19:00:00 CDT,1,32.77698,100,0.3277698,William Contreras,661388,0.30215853658536584,1
2026,2026-10-06 19:00:00 CDT,2,32.76198,100,0.3276198,William Contreras,661388,0.30215853658536584,2
2026,2026-10-06 19:00:00 CDT,3,32.31698,100,0.3231698,William Contreras,661388,0.30215853658536584,3
2026,2026-10-06 19:00:00 CDT,4,32.29398,100,0.3229398,William Contreras,661388,0.30215853658536584,4
2026,2026-10-06 19:00:00 CDT,5,32.70198,100,0.3270198,William Contreras,661388,0.30215853658536584,5
2026,2026-10-05 19:00:00 CDT,6,32.75498,100,0.3275498,William Contreras,661388,0.30215853658536584,6
2026,2026-10-05 19:00:00 CDT,7,32.05676,100,0.3205676,William Contreras,661388,0.30215853658536584,7
2026,2026-10-05 19:00:00 CDT,8,32.41276,100,0.3241276,William Contreras,661388,0.30215853658536584,8
2026,2026-10-05 19:00:00 CDT,9,32.67076,100,0.3267076,William Contreras,661388,0.30215853658536584,9
2026,2026-10-05 19:00:00 CDT,10,32.93698,100,0.3293698,William Contreras,661388,0.30215853658536584,10
2026,2026-10-03 19:00:00 CDT,11,33.19898,100,0.3319898,William Contreras,661388,0.30215853658536584,11
2026,2026-10-03 19:00:00 CDT,12,33.88420,100,0.338842,William Contreras,661388,0.30215853658536584,12
2026,2026-10-03 19:00:00 CDT,13,34.42320,100,0.344232,William Contreras,661388,0.30215853658536584,13
2026,2026-10-03 19:00:00 CDT,14,34.39120,100,0.343912,William Contreras,661388,0.30215853658536584,14
2026,2026-10-02 19:00:00 CDT,15,36.00820,100,0.360082,William Contreras,661388,0.30215853658536584,15
2026,2026-10-02 19:00:00 CDT,16,34.37420,100,0.343742,William Contreras,661388,0.30215853658536584,16
2026,2026-10-02 19:00:00 CDT,17,33.98320,100,0.339832,William Contreras,661388,0.30215853658536584,17
2026,2026-10-02 19:00:00 CDT,18,33.38898,100,0.3338898,William Contreras,661388,0.30215853658536584,18
2026,2026-09-25 19:00:00 CDT,19,33.45898,100,0.3345898,William Contreras,661388,0.30215853658536584,19
2026,2026-09-25 19:00:00 CDT,20,33.53998,100,0.3353998,William Contreras,661388,0.30215853658536584,20
2026,2026-09-25 19:00:00 CDT,21,32.63298,100,0.3263298,William Contreras,661388,0.30215853658536584,21
2026,2026-09-25 19:00:00 CDT,22,33.33120,100,0.333312,William Contreras,661388,0.30215853658536584,22
2026,2026-09-24 19:00:00 CDT,23,32.70998,100,0.3270998,William Contreras,661388,0.30215853658536584,23
2026,2026-09-24 19:00:00 CDT,24,32.30298,100,0.3230298,William Contreras,661388,0.30215853658536584,24
2026,2026-09-24 19:00:00 CDT,25,32.27298,100,0.3227298,William Contreras,661388,0.30215853658536584,25
2026,2026-09-24 19:00:00 CDT,26,31.83498,100,0.3183498,William Contreras,661388,0.30215853658536584,26
2026,2026-09-24 19:00:00 CDT,27,31.22498,100,0.3122498,William Contreras,661388,0.30215853658536584,27
2026,2026-09-23 19:00:00 CDT,28,31.18598,100,0.3118598,William Contreras,661388,0.30215853658536584,28
2026,2026-09-23 19:00:00 CDT,29,31.07398,100,0.3107398,William Contreras,661388,0.30215853658536584,29
2026,2026-09-23 19:00:00 CDT,30,30.77498,100,0.3077498,William Contreras,661388,0.30215853658536584,30
2026,2026-09-22 19:00:00 CDT,31,30.77498,100,0.3077498,William Contreras,661388,0.30215853658536584,31
2026,2026-09-22 19:00:00 CDT,32,31.47298,100,0.3147298,William Contreras,661388,0.30215853658536584,32
2026,2026-09-22 19:00:00 CDT,33,32.20798,100,0.3220798,William Contreras,661388,0.30215853658536584,33
2026,2026-09-22 19:00:00 CDT,34,32.20498,100,0.3220498,William Contreras,661388,0.30215853658536584,34
2026,2026-09-21 19:00:00 CDT,35,32.20498,100,0.3220498,William Contreras,661388,0.30215853658536584,35
2026,2026-09-21 19:00:00 CDT,36,33.03298,100,0.3303298,William Contreras,661388,0.30215853658536584,36
2026,2026-09-21 19:00:00 CDT,37,32.72098,100,0.3272098,William Contreras,661388,0.30215853658536584,37
2026,2026-09-21 19:00:00 CDT,38,33.32098,100,0.3332098,William Contreras,661388,0.30215853658536584,38
2026,2026-09-19 19:00:00 CDT,39,33.53398,100,0.3353398,William Contreras,661388,0.30215853658536584,39
2026,2026-09-19 19:00:00 CDT,40,33.07376,100,0.3307376,William Contreras,661388,0.30215853658536584,40
2026,2026-09-19 19:00:00 CDT,41,33.07576,100,0.3307576,William Contreras,661388,0.30215853658536584,41
2026,2026-09-19 19:00:00 CDT,42,32.97276,100,0.3297276,William Contreras,661388,0.30215853658536584,42
2026,2026-09-18 19:00:00 CDT,43,33.54576,100,0.3354576,William Contreras,661388,0.30215853658536584,43
2026,2026-09-18 19:00:00 CDT,44,33.43976,100,0.3343976,William Contreras,661388,0.30215853658536584,44
2026,2026-09-18 19:00:00 CDT,45,33.32476,100,0.3332476,William Contreras,661388,0.30215853658536584,45
2026,2026-09-18 19:00:00 CDT,46,33.43176,100,0.3343176,William Contreras,661388,0.30215853658536584,46
2026,2026-09-17 19:00:00 CDT,47,33.36376,100,0.3336376,William Contreras,661388,0.30215853658536584,47
2026,2026-09-17 19:00:00 CDT,48,33.48576,100,0.3348576,William Contreras,661388,0.30215853658536584,48
2026,2026-09-17 19:00:00 CDT,49,33.23776,100,0.3323776,William Contreras,661388,0.30215853658536584,49
2026,2026-09-17 19:00:00 CDT,50,33.30276,100,0.3330276,William Contreras,661388,0.30215853658536584,50
2026,2026-09-17 19:00:00 CDT,51,33.99798,100,0.3399798,William Contreras,661388,0.30215853658536584,51
2026,2026-09-15 19:00:00 CDT,52,33.46276,100,0.3346276,William Contreras,661388,0.30215853658536584,52
2026,2026-09-15 19:00:00 CDT,53,33.28476,100,0.3328476,William Contreras,661388,0.30215853658536584,53
2026,2026-09-15 19:00:00 CDT,54,33.90098,100,0.3390098,William Contreras,661388,0.30215853658536584,54
2026,2026-09-15 19:00:00 CDT,55,35.34498,100,0.3534498,William Contreras,661388,0.30215853658536584,55
2026,2026-09-15 19:00:00 CDT,56,34.50698,100,0.3450698,William Contreras,661388,0.30215853658536584,56
2026,2026-09-14 19:00:00 CDT,57,34.99898,100,0.3499898,William Contreras,661388,0.30215853658536584,57
2026,2026-09-14 19:00:00 CDT,58,34.91398,100,0.3491398,William Contreras,661388,0.30215853658536584,58
2026,2026-09-14 19:00:00 CDT,59,35.14098,100,0.3514098,William Contreras,661388,0.30215853658536584,59
2026,2026-09-14 19:00:00 CDT,60,35.17998,100,0.3517998,William Contreras,661388,0.30215853658536584,60
2026,2026-09-14 19:00:00 CDT,61,34.72698,100,0.3472698,William Contreras,661388,0.30215853658536584,61
2026,2026-09-11 19:00:00 CDT,62,34.06198,100,0.3406198,William Contreras,661388,0.30215853658536584,62
2026,2026-09-11 19:00:00 CDT,63,34.64020,100,0.346402,William Contreras,661388,0.30215853658536584,63
2026,2026-09-11 19:00:00 CDT,64,33.98720,100,0.339872,William Contreras,661388,0.30215853658536584,64
2026,2026-09-11 19:00:00 CDT,65,34.79020,100,0.347902,William Contreras,661388,0.30215853658536584,65
2026,2026-09-10 19:00:00 CDT,66,34.40098,100,0.3440098,William Contreras,661388,0.30215853658536584,66
2026,2026-09-10 19:00:00 CDT,67,33.23898,100,0.3323898,William Contreras,661388,0.30215853658536584,67
2026,2026-09-10 19:00:00 CDT,68,33.31398,100,0.3331398,William Contreras,661388,0.30215853658536584,68
2026,2026-09-10 19:00:00 CDT,69,33.65420,100,0.336542,William Contreras,661388,0.30215853658536584,69
2026,2026-09-10 19:00:00 CDT,70,34.76920,100,0.347692,William Contreras,661388,0.30215853658536584,70
2026,2026-09-10 19:00:00 CDT,71,34.91720,100,0.349172,William Contreras,661388,0.30215853658536584,71
2026,2026-09-08 19:00:00 CDT,72,34.98120,100,0.349812,William Contreras,661388,0.30215853658536584,72
2026,2026-09-08 19:00:00 CDT,73,34.06920,100,0.340692,William Contreras,661388,0.30215853658536584,73
2026,2026-09-08 19:00:00 CDT,74,35.14020,100,0.351402,William Contreras,661388,0.30215853658536584,74
2026,2026-09-08 19:00:00 CDT,75,33.87820,100,0.338782,William Contreras,661388,0.30215853658536584,75
2026,2026-09-07 19:00:00 CDT,76,33.18498,100,0.3318498,William Contreras,661388,0.30215853658536584,76
2026,2026-09-07 19:00:00 CDT,77,33.15898,100,0.3315898,William Contreras,661388,0.30215853658536584,77
2026,2026-09-07 19:00:00 CDT,78,33.17320,100,0.331732,William Contreras,661388,0.30215853658536584,78
2026,2026-09-07 19:00:00 CDT,79,33.21320,100,0.332132,William Contreras,661388,0.30215853658536584,79
2026,2026-09-06 19:00:00 CDT,80,33.91142,100,0.3391142,William Contreras,661388,0.30215853658536584,80
2026,2026-09-06 19:00:00 CDT,81,33.93442,100,0.3393442,William Contreras,661388,0.30215853658536584,81
2026,2026-09-06 19:00:00 CDT,82,34.11142,100,0.3411142,William Contreras,661388,0.30215853658536584,82
2026,2026-09-06 19:00:00 CDT,83,34.14742,100,0.3414742,William Contreras,661388,0.30215853658536584,83
2026,2026-09-04 19:00:00 CDT,84,34.84264,100,0.3484264,William Contreras,661388,0.30215853658536584,84
2026,2026-09-04 19:00:00 CDT,85,34.59764,100,0.3459764,William Contreras,661388,0.30215853658536584,85
2026,2026-09-04 19:00:00 CDT,86,35.29586,100,0.3529586,William Contreras,661388,0.30215853658536584,86
2026,2026-09-04 19:00:00 CDT,87,36.71486,100,0.3671486,William Contreras,661388,0.30215853658536584,87
2026,2026-09-04 19:00:00 CDT,88,36.82686,100,0.3682686,William Contreras,661388,0.30215853658536584,88
2026,2026-09-03 19:00:00 CDT,89,36.45408,100,0.3645408,William Contreras,661388,0.30215853658536584,89
2026,2026-09-03 19:00:00 CDT,90,36.45408,100,0.3645408,William Contreras,661388,0.30215853658536584,90
2026,2026-09-03 19:00:00 CDT,91,36.00008,100,0.3600008,William Contreras,661388,0.30215853658536584,91
2026,2026-09-03 19:00:00 CDT,92,35.81008,100,0.3581008,William Contreras,661388,0.30215853658536584,92
2026,2026-09-03 19:00:00 CDT,93,35.69286,100,0.3569286,William Contreras,661388,0.30215853658536584,93
2026,2026-09-02 19:00:00 CDT,94,35.67786,100,0.3567786,William Contreras,661388,0.30215853658536584,94
2026,2026-09-02 19:00:00 CDT,95,36.15486,100,0.3615486,William Contreras,661388,0.30215853658536584,95
2026,2026-09-02 19:00:00 CDT,96,36.24186,100,0.3624186,William Contreras,661388,0.30215853658536584,96
2026,2026-09-02 19:00:00 CDT,97,36.28686,100,0.3628686,William Contreras,661388,0.30215853658536584,97
2026,2026-09-01 19:00:00 CDT,98,37.001026,100,0.37001026,William Contreras,661388,0.30215853658536584,98
2026,2026-09-01 19:00:00 CDT,99,37.015026,100,0.37015026,William Contreras,661388,0.30215853658536584,99
2026,2026-09-01 19:00:00 CDT,100,36.898026,100,0.36898026,William Contreras,661388,0.30215853658536584,100
2026,2026-10-06 19:00:00 CDT,1,42.155366,100,0.42155366,Jackson Chourio,694192,0.30215853658536584,1
2026,2026-10-06 19:00:00 CDT,2,42.099366,100,0.42099366,Jackson Chourio,694192,0.30215853658536584,2
2026,2026-10-06 19:00:00 CDT,3,42.001366,100,0.42001366,Jackson Chourio,694192,0.30215853658536584,3
2026,2026-10-06 19:00:00 CDT,4,42.293366,100,0.42293366,Jackson Chourio,694192,0.30215853658536584,4
2026,2026-10-06 19:00:00 CDT,5,42.097146,100,0.42097146,Jackson Chourio,694192,0.30215853658536584,5
2026,2026-10-05 19:00:00 CDT,6,41.675146,100,0.41675146,Jackson Chourio,694192,0.30215853658536584,6
2026,2026-10-05 19:00:00 CDT,7,41.625146,100,0.41625146,Jackson Chourio,694192,0.30215853658536584,7
2026,2026-10-05 19:00:00 CDT,8,41.633146,100,0.41633146,Jackson Chourio,694192,0.30215853658536584,8
2026,2026-10-05 19:00:00 CDT,9,41.630146,100,0.41630146,Jackson Chourio,694192,0.30215853658536584,9
2026,2026-10-05 19:00:00 CDT,10,41.567146,100,0.41567146,Jackson Chourio,694192,0.30215853658536584,10
2026,2026-10-03 19:00:00 CDT,11,40.605146,100,0.40605146,Jackson Chourio,694192,0.30215853658536584,11
2026,2026-10-03 19:00:00 CDT,12,39.911146,100,0.39911146,Jackson Chourio,694192,0.30215853658536584,12
2026,2026-10-03 19:00:00 CDT,13,39.768146,100,0.39768146,Jackson Chourio,694192,0.30215853658536584,13
2026,2026-10-03 19:00:00 CDT,14,39.18298,100,0.3918298,Jackson Chourio,694192,0.30215853658536584,14
2026,2026-10-03 19:00:00 CDT,15,39.46298,100,0.3946298,Jackson Chourio,694192,0.30215853658536584,15
2026,2026-10-02 19:00:00 CDT,16,39.32498,100,0.3932498,Jackson Chourio,694192,0.30215853658536584,16
2026,2026-10-02 19:00:00 CDT,17,38.86498,100,0.3886498,Jackson Chourio,694192,0.30215853658536584,17
2026,2026-10-02 19:00:00 CDT,18,39.28198,100,0.3928198,Jackson Chourio,694192,0.30215853658536584,18
2026,2026-10-02 19:00:00 CDT,19,37.75198,100,0.3775198,Jackson Chourio,694192,0.30215853658536584,19
2026,2026-09-26 19:00:00 CDT,20,37.72898,100,0.3772898,Jackson Chourio,694192,0.30215853658536584,20
2026,2026-09-26 19:00:00 CDT,21,38.58798,100,0.3858798,Jackson Chourio,694192,0.30215853658536584,21
2026,2026-09-26 19:00:00 CDT,22,38.99598,100,0.3899598,Jackson Chourio,694192,0.30215853658536584,22
2026,2026-09-26 19:00:00 CDT,23,38.36798,100,0.3836798,Jackson Chourio,694192,0.30215853658536584,23
2026,2026-09-25 19:00:00 CDT,24,37.73298,100,0.3773298,Jackson Chourio,694192,0.30215853658536584,24
2026,2026-09-25 19:00:00 CDT,25,38.32898,100,0.3832898,Jackson Chourio,694192,0.30215853658536584,25
2026,2026-09-25 19:00:00 CDT,26,38.10898,100,0.3810898,Jackson Chourio,694192,0.30215853658536584,26
2026,2026-09-25 19:00:00 CDT,27,37.63298,100,0.3763298,Jackson Chourio,694192,0.30215853658536584,27
2026,2026-09-24 19:00:00 CDT,28,37.23498,100,0.3723498,Jackson Chourio,694192,0.30215853658536584,28
2026,2026-09-24 19:00:00 CDT,29,36.76098,100,0.3676098,Jackson Chourio,694192,0.30215853658536584,29
2026,2026-09-23 19:00:00 CDT,30,36.16276,100,0.3616276,Jackson Chourio,694192,0.30215853658536584,30
2026,2026-09-23 19:00:00 CDT,31,34.40376,100,0.3440376,Jackson Chourio,694192,0.30215853658536584,31
2026,2026-09-22 19:00:00 CDT,32,33.70554,100,0.3370554,Jackson Chourio,694192,0.30215853658536584,32
2026,2026-09-22 19:00:00 CDT,33,33.53154,100,0.3353154,Jackson Chourio,694192,0.30215853658536584,33
2026,2026-09-22 19:00:00 CDT,34,34.22976,100,0.3422976,Jackson Chourio,694192,0.30215853658536584,34
2026,2026-09-22 19:00:00 CDT,35,34.64276,100,0.3464276,Jackson Chourio,694192,0.30215853658536584,35
2026,2026-09-21 19:00:00 CDT,36,34.14876,100,0.3414876,Jackson Chourio,694192,0.30215853658536584,36
2026,2026-09-21 19:00:00 CDT,37,34.61076,100,0.3461076,Jackson Chourio,694192,0.30215853658536584,37
2026,2026-09-21 19:00:00 CDT,38,33.91254,100,0.3391254,Jackson Chourio,694192,0.30215853658536584,38
2026,2026-09-21 19:00:00 CDT,39,34.36554,100,0.3436554,Jackson Chourio,694192,0.30215853658536584,39
2026,2026-09-19 19:00:00 CDT,40,34.77854,100,0.3477854,Jackson Chourio,694192,0.30215853658536584,40
2026,2026-09-19 19:00:00 CDT,41,35.45054,100,0.3545054,Jackson Chourio,694192,0.30215853658536584,41
2026,2026-09-19 19:00:00 CDT,42,35.21832,100,0.3521832,Jackson Chourio,694192,0.30215853658536584,42
2026,2026-09-19 19:00:00 CDT,43,35.22832,100,0.3522832,Jackson Chourio,694192,0.30215853658536584,43
2026,2026-09-18 19:00:00 CDT,44,35.26332,100,0.3526332,Jackson Chourio,694192,0.30215853658536584,44
2026,2026-09-18 19:00:00 CDT,45,35.04532,100,0.3504532,Jackson Chourio,694192,0.30215853658536584,45
2026,2026-09-18 19:00:00 CDT,46,35.04332,100,0.3504332,Jackson Chourio,694192,0.30215853658536584,46
2026,2026-09-18 19:00:00 CDT,47,36.28732,100,0.3628732,Jackson Chourio,694192,0.30215853658536584,47
2026,2026-09-17 19:00:00 CDT,48,36.34032,100,0.3634032,Jackson Chourio,694192,0.30215853658536584,48
2026,2026-09-17 19:00:00 CDT,49,36.50732,100,0.3650732,Jackson Chourio,694192,0.30215853658536584,49
2026,2026-09-17 19:00:00 CDT,50,38.15332,100,0.3815332,Jackson Chourio,694192,0.30215853658536584,50
2026,2026-09-17 19:00:00 CDT,51,37.89510,100,0.378951,Jackson Chourio,694192,0.30215853658536584,51
2026,2026-09-17 19:00:00 CDT,52,37.02010,100,0.370201,Jackson Chourio,694192,0.30215853658536584,52
2026,2026-09-17 19:00:00 CDT,53,35.18110,100,0.351811,Jackson Chourio,694192,0.30215853658536584,53
2026,2026-09-16 19:00:00 CDT,54,34.34510,100,0.343451,Jackson Chourio,694192,0.30215853658536584,54
2026,2026-09-16 19:00:00 CDT,55,34.22910,100,0.342291,Jackson Chourio,694192,0.30215853658536584,55
2026,2026-09-16 19:00:00 CDT,56,34.73410,100,0.347341,Jackson Chourio,694192,0.30215853658536584,56
2026,2026-09-16 19:00:00 CDT,57,35.10110,100,0.351011,Jackson Chourio,694192,0.30215853658536584,57
2026,2026-09-16 19:00:00 CDT,58,35.16910,100,0.351691,Jackson Chourio,694192,0.30215853658536584,58
2026,2026-09-15 19:00:00 CDT,59,34.63688,100,0.3463688,Jackson Chourio,694192,0.30215853658536584,59
2026,2026-09-15 19:00:00 CDT,60,34.22188,100,0.3422188,Jackson Chourio,694192,0.30215853658536584,60
2026,2026-09-15 19:00:00 CDT,61,34.24588,100,0.3424588,Jackson Chourio,694192,0.30215853658536584,61
2026,2026-09-15 19:00:00 CDT,62,34.18188,100,0.3418188,Jackson Chourio,694192,0.30215853658536584,62
2026,2026-09-15 19:00:00 CDT,63,33.99988,100,0.3399988,Jackson Chourio,694192,0.30215853658536584,63
2026,2026-09-14 19:00:00 CDT,64,34.16788,100,0.3416788,Jackson Chourio,694192,0.30215853658536584,64
2026,2026-09-14 19:00:00 CDT,65,34.78610,100,0.347861,Jackson Chourio,694192,0.30215853658536584,65
2026,2026-09-14 19:00:00 CDT,66,35.40732,100,0.3540732,Jackson Chourio,694192,0.30215853658536584,66
2026,2026-09-14 19:00:00 CDT,67,35.40732,100,0.3540732,Jackson Chourio,694192,0.30215853658536584,67
2026,2026-09-14 19:00:00 CDT,68,36.28032,100,0.3628032,Jackson Chourio,694192,0.30215853658536584,68
2026,2026-09-12 19:00:00 CDT,69,35.83532,100,0.3583532,Jackson Chourio,694192,0.30215853658536584,69
2026,2026-09-12 19:00:00 CDT,70,36.35232,100,0.3635232,Jackson Chourio,694192,0.30215853658536584,70
2026,2026-09-12 19:00:00 CDT,71,36.24932,100,0.3624932,Jackson Chourio,694192,0.30215853658536584,71
2026,2026-09-12 19:00:00 CDT,72,36.94754,100,0.3694754,Jackson Chourio,694192,0.30215853658536584,72
2026,2026-09-11 19:00:00 CDT,73,37.31054,100,0.3731054,Jackson Chourio,694192,0.30215853658536584,73
2026,2026-09-11 19:00:00 CDT,74,37.12154,100,0.3712154,Jackson Chourio,694192,0.30215853658536584,74
2026,2026-09-11 19:00:00 CDT,75,37.61154,100,0.3761154,Jackson Chourio,694192,0.30215853658536584,75
2026,2026-09-11 19:00:00 CDT,76,38.16954,100,0.3816954,Jackson Chourio,694192,0.30215853658536584,76
2026,2026-09-11 19:00:00 CDT,77,37.70932,100,0.3770932,Jackson Chourio,694192,0.30215853658536584,77
2026,2026-09-10 19:00:00 CDT,78,37.01110,100,0.370111,Jackson Chourio,694192,0.30215853658536584,78
2026,2026-09-10 19:00:00 CDT,79,36.20910,100,0.362091,Jackson Chourio,694192,0.30215853658536584,79
2026,2026-09-10 19:00:00 CDT,80,36.69110,100,0.366911,Jackson Chourio,694192,0.30215853658536584,80
2026,2026-09-10 19:00:00 CDT,81,35.85810,100,0.358581,Jackson Chourio,694192,0.30215853658536584,81
2026,2026-09-10 19:00:00 CDT,82,36.97310,100,0.369731,Jackson Chourio,694192,0.30215853658536584,82
2026,2026-09-10 19:00:00 CDT,83,36.91210,100,0.369121,Jackson Chourio,694192,0.30215853658536584,83
2026,2026-09-08 19:00:00 CDT,84,36.61210,100,0.366121,Jackson Chourio,694192,0.30215853658536584,84
2026,2026-09-08 19:00:00 CDT,85,37.48110,100,0.374811,Jackson Chourio,694192,0.30215853658536584,85
2026,2026-09-08 19:00:00 CDT,86,37.73710,100,0.377371,Jackson Chourio,694192,0.30215853658536584,86
2026,2026-09-08 19:00:00 CDT,87,36.98310,100,0.369831,Jackson Chourio,694192,0.30215853658536584,87
2026,2026-09-08 19:00:00 CDT,88,34.99310,100,0.349931,Jackson Chourio,694192,0.30215853658536584,88
2026,2026-09-07 19:00:00 CDT,89,34.14110,100,0.341411,Jackson Chourio,694192,0.30215853658536584,89
2026,2026-09-07 19:00:00 CDT,90,32.19210,100,0.321921,Jackson Chourio,694192,0.30215853658536584,90
2026,2026-09-07 19:00:00 CDT,91,32.10110,100,0.321011,Jackson Chourio,694192,0.30215853658536584,91
2026,2026-09-07 19:00:00 CDT,92,31.52710,100,0.315271,Jackson Chourio,694192,0.30215853658536584,92
2026,2026-09-07 19:00:00 CDT,93,31.57510,100,0.315751,Jackson Chourio,694192,0.30215853658536584,93
2026,2026-09-06 19:00:00 CDT,94,30.93910,100,0.309391,Jackson Chourio,694192,0.30215853658536584,94
2026,2026-09-06 19:00:00 CDT,95,30.59010,100,0.305901,Jackson Chourio,694192,0.30215853658536584,95
2026,2026-09-06 19:00:00 CDT,96,31.33810,100,0.313381,Jackson Chourio,694192,0.30215853658536584,96
2026,2026-09-06 19:00:00 CDT,97,31.51810,100,0.315181,Jackson Chourio,694192,0.30215853658536584,97
2026,2026-09-05 19:00:00 CDT,98,31.51010,100,0.315101,Jackson Chourio,694192,0.30215853658536584,98
2026,2026-09-05 19:00:00 CDT,99,32.16932,100,0.3216932,Jackson Chourio,694192,0.30215853658536584,99
2026,2026-09-05 19:00:00 CDT,100,32.04732,100,0.3204732,Jackson Chourio,694192,0.30215853658536584,100
2026,2026-10-06 19:00:00 CDT,1,35.291926,100,0.35291926,Garrett Mitchell,669003,0.30215853658536584,1
2026,2026-10-06 19:00:00 CDT,2,35.254926,100,0.35254926,Garrett Mitchell,669003,0.30215853658536584,2
2026,2026-10-06 19:00:00 CDT,3,35.285926,100,0.35285926,Garrett Mitchell,669003,0.30215853658536584,3
2026,2026-10-06 19:00:00 CDT,4,35.025926,100,0.35025926,Garrett Mitchell,669003,0.30215853658536584,4
2026,2026-10-05 19:00:00 CDT,5,34.901926,100,0.34901926,Garrett Mitchell,669003,0.30215853658536584,5
2026,2026-10-05 19:00:00 CDT,6,34.932926,100,0.34932926,Garrett Mitchell,669003,0.30215853658536584,6
2026,2026-10-05 19:00:00 CDT,7,35.386926,100,0.35386926,Garrett Mitchell,669003,0.30215853658536584,7
2026,2026-10-05 19:00:00 CDT,8,35.386926,100,0.35386926,Garrett Mitchell,669003,0.30215853658536584,8
2026,2026-10-03 19:00:00 CDT,9,35.374926,100,0.35374926,Garrett Mitchell,669003,0.30215853658536584,9
2026,2026-10-03 19:00:00 CDT,10,36.149926,100,0.36149926,Garrett Mitchell,669003,0.30215853658536584,10
2026,2026-10-03 19:00:00 CDT,11,36.216926,100,0.36216926,Garrett Mitchell,669003,0.30215853658536584,11
2026,2026-10-03 19:00:00 CDT,12,36.216926,100,0.36216926,Garrett Mitchell,669003,0.30215853658536584,12
2026,2026-10-02 19:00:00 CDT,13,36.216926,100,0.36216926,Garrett Mitchell,669003,0.30215853658536584,13
2026,2026-10-02 19:00:00 CDT,14,36.650926,100,0.36650926,Garrett Mitchell,669003,0.30215853658536584,14
2026,2026-10-02 19:00:00 CDT,15,36.251706,100,0.36251706,Garrett Mitchell,669003,0.30215853658536584,15
2026,2026-10-02 19:00:00 CDT,16,36.600706,100,0.36600706,Garrett Mitchell,669003,0.30215853658536584,16
2026,2026-09-26 19:00:00 CDT,17,37.175872,100,0.37175872,Garrett Mitchell,669003,0.30215853658536584,17
2026,2026-09-26 19:00:00 CDT,18,36.458872,100,0.36458872,Garrett Mitchell,669003,0.30215853658536584,18
2026,2026-09-26 19:00:00 CDT,19,36.061652,100,0.36061652,Garrett Mitchell,669003,0.30215853658536584,19
2026,2026-09-26 19:00:00 CDT,20,36.269872,100,0.36269872,Garrett Mitchell,669003,0.30215853658536584,20
2026,2026-09-25 19:00:00 CDT,21,37.925872,100,0.37925872,Garrett Mitchell,669003,0.30215853658536584,21
2026,2026-09-25 19:00:00 CDT,22,37.227652,100,0.37227652,Garrett Mitchell,669003,0.30215853658536584,22
2026,2026-09-24 19:00:00 CDT,23,37.740652,100,0.37740652,Garrett Mitchell,669003,0.30215853658536584,23
2026,2026-09-24 19:00:00 CDT,24,37.533652,100,0.37533652,Garrett Mitchell,669003,0.30215853658536584,24
2026,2026-09-24 19:00:00 CDT,25,37.709652,100,0.37709652,Garrett Mitchell,669003,0.30215853658536584,25
2026,2026-09-24 19:00:00 CDT,26,37.498652,100,0.37498652,Garrett Mitchell,669003,0.30215853658536584,26
2026,2026-09-23 19:00:00 CDT,27,37.365652,100,0.37365652,Garrett Mitchell,669003,0.30215853658536584,27
2026,2026-09-23 19:00:00 CDT,28,37.850652,100,0.37850652,Garrett Mitchell,669003,0.30215853658536584,28
2026,2026-09-23 19:00:00 CDT,29,38.086652,100,0.38086652,Garrett Mitchell,669003,0.30215853658536584,29
2026,2026-09-23 19:00:00 CDT,30,37.827652,100,0.37827652,Garrett Mitchell,669003,0.30215853658536584,30
2026,2026-09-23 19:00:00 CDT,31,37.827652,100,0.37827652,Garrett Mitchell,669003,0.30215853658536584,31
2026,2026-09-22 19:00:00 CDT,32,37.827652,100,0.37827652,Garrett Mitchell,669003,0.30215853658536584,32
2026,2026-09-22 19:00:00 CDT,33,37.555652,100,0.37555652,Garrett Mitchell,669003,0.30215853658536584,33
2026,2026-09-22 19:00:00 CDT,34,37.040652,100,0.37040652,Garrett Mitchell,669003,0.30215853658536584,34
2026,2026-09-22 19:00:00 CDT,35,37.513652,100,0.37513652,Garrett Mitchell,669003,0.30215853658536584,35
2026,2026-09-21 19:00:00 CDT,36,37.513652,100,0.37513652,Garrett Mitchell,669003,0.30215853658536584,36
2026,2026-09-21 19:00:00 CDT,37,37.518652,100,0.37518652,Garrett Mitchell,669003,0.30215853658536584,37
2026,2026-09-21 19:00:00 CDT,38,37.565652,100,0.37565652,Garrett Mitchell,669003,0.30215853658536584,38
2026,2026-09-21 19:00:00 CDT,39,37.480652,100,0.37480652,Garrett Mitchell,669003,0.30215853658536584,39
2026,2026-09-19 19:00:00 CDT,40,38.178872,100,0.38178872,Garrett Mitchell,669003,0.30215853658536584,40
2026,2026-09-19 19:00:00 CDT,41,38.150872,100,0.38150872,Garrett Mitchell,669003,0.30215853658536584,41
2026,2026-09-19 19:00:00 CDT,42,37.452652,100,0.37452652,Garrett Mitchell,669003,0.30215853658536584,42
2026,2026-09-19 19:00:00 CDT,43,37.452652,100,0.37452652,Garrett Mitchell,669003,0.30215853658536584,43
2026,2026-09-18 19:00:00 CDT,44,37.502872,100,0.37502872,Garrett Mitchell,669003,0.30215853658536584,44
2026,2026-09-18 19:00:00 CDT,45,37.641872,100,0.37641872,Garrett Mitchell,669003,0.30215853658536584,45
2026,2026-09-18 19:00:00 CDT,46,37.728872,100,0.37728872,Garrett Mitchell,669003,0.30215853658536584,46
2026,2026-09-18 19:00:00 CDT,47,37.030652,100,0.37030652,Garrett Mitchell,669003,0.30215853658536584,47
2026,2026-09-17 19:00:00 CDT,48,37.030652,100,0.37030652,Garrett Mitchell,669003,0.30215853658536584,48
2026,2026-09-17 19:00:00 CDT,49,37.728872,100,0.37728872,Garrett Mitchell,669003,0.30215853658536584,49
2026,2026-09-17 19:00:00 CDT,50,37.464872,100,0.37464872,Garrett Mitchell,669003,0.30215853658536584,50
2026,2026-09-17 19:00:00 CDT,51,37.767872,100,0.37767872,Garrett Mitchell,669003,0.30215853658536584,51
2026,2026-09-16 19:00:00 CDT,52,38.450872,100,0.38450872,Garrett Mitchell,669003,0.30215853658536584,52
2026,2026-09-16 19:00:00 CDT,53,38.471872,100,0.38471872,Garrett Mitchell,669003,0.30215853658536584,53
2026,2026-09-14 19:00:00 CDT,54,37.678872,100,0.37678872,Garrett Mitchell,669003,0.30215853658536584,54
2026,2026-09-14 19:00:00 CDT,55,38.297872,100,0.38297872,Garrett Mitchell,669003,0.30215853658536584,55
2026,2026-09-14 19:00:00 CDT,56,37.743872,100,0.37743872,Garrett Mitchell,669003,0.30215853658536584,56
2026,2026-09-14 19:00:00 CDT,57,37.143706,100,0.37143706,Garrett Mitchell,669003,0.30215853658536584,57
2026,2026-09-12 19:00:00 CDT,58,37.841926,100,0.37841926,Garrett Mitchell,669003,0.30215853658536584,58
2026,2026-09-12 19:00:00 CDT,59,37.318706,100,0.37318706,Garrett Mitchell,669003,0.30215853658536584,59
2026,2026-09-11 19:00:00 CDT,60,37.318706,100,0.37318706,Garrett Mitchell,669003,0.30215853658536584,60
2026,2026-09-11 19:00:00 CDT,61,37.460706,100,0.37460706,Garrett Mitchell,669003,0.30215853658536584,61
2026,2026-09-11 19:00:00 CDT,62,37.339706,100,0.37339706,Garrett Mitchell,669003,0.30215853658536584,62
2026,2026-09-11 19:00:00 CDT,63,37.478706,100,0.37478706,Garrett Mitchell,669003,0.30215853658536584,63
2026,2026-09-11 19:00:00 CDT,64,37.158706,100,0.37158706,Garrett Mitchell,669003,0.30215853658536584,64
2026,2026-09-10 19:00:00 CDT,65,35.375706,100,0.35375706,Garrett Mitchell,669003,0.30215853658536584,65
2026,2026-09-10 19:00:00 CDT,66,35.847926,100,0.35847926,Garrett Mitchell,669003,0.30215853658536584,66
2026,2026-09-10 19:00:00 CDT,67,34.426926,100,0.34426926,Garrett Mitchell,669003,0.30215853658536584,67
2026,2026-09-10 19:00:00 CDT,68,34.580146,100,0.34580146,Garrett Mitchell,669003,0.30215853658536584,68
2026,2026-09-10 19:00:00 CDT,69,34.109146,100,0.34109146,Garrett Mitchell,669003,0.30215853658536584,69
2026,2026-09-08 19:00:00 CDT,70,33.718146,100,0.33718146,Garrett Mitchell,669003,0.30215853658536584,70
2026,2026-09-08 19:00:00 CDT,71,33.403146,100,0.33403146,Garrett Mitchell,669003,0.30215853658536584,71
2026,2026-09-08 19:00:00 CDT,72,33.403146,100,0.33403146,Garrett Mitchell,669003,0.30215853658536584,72
2026,2026-09-08 19:00:00 CDT,73,33.354146,100,0.33354146,Garrett Mitchell,669003,0.30215853658536584,73
2026,2026-09-07 19:00:00 CDT,74,33.516146,100,0.33516146,Garrett Mitchell,669003,0.30215853658536584,74
2026,2026-09-07 19:00:00 CDT,75,33.382312,100,0.33382312,Garrett Mitchell,669003,0.30215853658536584,75
2026,2026-09-07 19:00:00 CDT,76,34.057312,100,0.34057312,Garrett Mitchell,669003,0.30215853658536584,76
2026,2026-09-07 19:00:00 CDT,77,34.481312,100,0.34481312,Garrett Mitchell,669003,0.30215853658536584,77
2026,2026-09-06 19:00:00 CDT,78,34.481312,100,0.34481312,Garrett Mitchell,669003,0.30215853658536584,78
2026,2026-09-06 19:00:00 CDT,79,33.852092,100,0.33852092,Garrett Mitchell,669003,0.30215853658536584,79
2026,2026-09-06 19:00:00 CDT,80,33.202092,100,0.33202092,Garrett Mitchell,669003,0.30215853658536584,80
2026,2026-09-05 19:00:00 CDT,81,32.609092,100,0.32609092,Garrett Mitchell,669003,0.30215853658536584,81
2026,2026-09-05 19:00:00 CDT,82,32.401312,100,0.32401312,Garrett Mitchell,669003,0.30215853658536584,82
2026,2026-09-05 19:00:00 CDT,83,30.815312,100,0.30815312,Garrett Mitchell,669003,0.30215853658536584,83
2026,2026-09-04 19:00:00 CDT,84,30.480312,100,0.30480312,Garrett Mitchell,669003,0.30215853658536584,84
2026,2026-09-04 19:00:00 CDT,85,30.860532,100,0.30860532,Garrett Mitchell,669003,0.30215853658536584,85
2026,2026-09-04 19:00:00 CDT,86,31.558752,100,0.31558752,Garrett Mitchell,669003,0.30215853658536584,86
2026,2026-09-04 19:00:00 CDT,87,31.392752,100,0.31392752,Garrett Mitchell,669003,0.30215853658536584,87
2026,2026-09-03 19:00:00 CDT,88,32.390752,100,0.32390752,Garrett Mitchell,669003,0.30215853658536584,88
2026,2026-09-03 19:00:00 CDT,89,33.711752,100,0.33711752,Garrett Mitchell,669003,0.30215853658536584,89
2026,2026-09-02 19:00:00 CDT,90,33.655752,100,0.33655752,Garrett Mitchell,669003,0.30215853658536584,90
2026,2026-09-02 19:00:00 CDT,91,33.971752,100,0.33971752,Garrett Mitchell,669003,0.30215853658536584,91
2026,2026-09-02 19:00:00 CDT,92,33.971752,100,0.33971752,Garrett Mitchell,669003,0.30215853658536584,92
2026,2026-08-30 19:00:00 CDT,93,33.318752,100,0.33318752,Garrett Mitchell,669003,0.30215853658536584,93
2026,2026-08-30 19:00:00 CDT,94,33.318752,100,0.33318752,Garrett Mitchell,669003,0.30215853658536584,94
2026,2026-08-29 19:00:00 CDT,95,33.442972,100,0.33442972,Garrett Mitchell,669003,0.30215853658536584,95
2026,2026-08-29 19:00:00 CDT,96,33.008972,100,0.33008972,Garrett Mitchell,669003,0.30215853658536584,96
2026,2026-08-29 19:00:00 CDT,97,33.137972,100,0.33137972,Garrett Mitchell,669003,0.30215853658536584,97
2026,2026-08-29 19:00:00 CDT,98,33.714138,100,0.33714138,Garrett Mitchell,669003,0.30215853658536584,98
2026,2026-08-29 19:00:00 CDT,99,33.100918,100,0.33100918,Garrett Mitchell,669003,0.30215853658536584,99
2026,2026-08-28 19:00:00 CDT,100,32.324918,100,0.32324918,Garrett Mitchell,669003,0.30215853658536584,100
2026,2026-10-06 19:00:00 CDT,1,31.641366,100,0.31641366,Christian Yelich,592885,0.30215853658536584,1
2026,2026-10-06 19:00:00 CDT,2,30.91220,100,0.309122,Christian Yelich,592885,0.30215853658536584,2
2026,2026-10-06 19:00:00 CDT,3,30.91220,100,0.309122,Christian Yelich,592885,0.30215853658536584,3
2026,2026-10-06 19:00:00 CDT,4,30.31520,100,0.303152,Christian Yelich,592885,0.30215853658536584,4
2026,2026-10-06 19:00:00 CDT,5,30.28520,100,0.302852,Christian Yelich,592885,0.30215853658536584,5
2026,2026-10-05 19:00:00 CDT,6,30.85442,100,0.3085442,Christian Yelich,592885,0.30215853658536584,6
2026,2026-10-05 19:00:00 CDT,7,30.26942,100,0.3026942,Christian Yelich,592885,0.30215853658536584,7
2026,2026-10-05 19:00:00 CDT,8,29.93542,100,0.2993542,Christian Yelich,592885,0.30215853658536584,8
2026,2026-10-05 19:00:00 CDT,9,29.87820,100,0.298782,Christian Yelich,592885,0.30215853658536584,9
2026,2026-10-05 19:00:00 CDT,10,31.31020,100,0.313102,Christian Yelich,592885,0.30215853658536584,10
2026,2026-10-03 19:00:00 CDT,11,30.60420,100,0.306042,Christian Yelich,592885,0.30215853658536584,11
2026,2026-10-03 19:00:00 CDT,12,30.30198,100,0.3030198,Christian Yelich,592885,0.30215853658536584,12
2026,2026-10-03 19:00:00 CDT,13,28.82598,100,0.2882598,Christian Yelich,592885,0.30215853658536584,13
2026,2026-10-03 19:00:00 CDT,14,28.32198,100,0.2832198,Christian Yelich,592885,0.30215853658536584,14
2026,2026-10-02 19:00:00 CDT,15,29.56398,100,0.2956398,Christian Yelich,592885,0.30215853658536584,15
2026,2026-10-02 19:00:00 CDT,16,29.59298,100,0.2959298,Christian Yelich,592885,0.30215853658536584,16
2026,2026-10-02 19:00:00 CDT,17,29.37698,100,0.2937698,Christian Yelich,592885,0.30215853658536584,17
2026,2026-09-26 19:00:00 CDT,18,28.88898,100,0.2888898,Christian Yelich,592885,0.30215853658536584,18
2026,2026-09-26 19:00:00 CDT,19,29.05598,100,0.2905598,Christian Yelich,592885,0.30215853658536584,19
2026,2026-09-26 19:00:00 CDT,20,29.77798,100,0.2977798,Christian Yelich,592885,0.30215853658536584,20
2026,2026-09-26 19:00:00 CDT,21,30.29498,100,0.3029498,Christian Yelich,592885,0.30215853658536584,21
2026,2026-09-25 19:00:00 CDT,22,29.96698,100,0.2996698,Christian Yelich,592885,0.30215853658536584,22
2026,2026-09-25 19:00:00 CDT,23,30.66520,100,0.306652,Christian Yelich,592885,0.30215853658536584,23
2026,2026-09-24 19:00:00 CDT,24,30.01720,100,0.300172,Christian Yelich,592885,0.30215853658536584,24
2026,2026-09-24 19:00:00 CDT,25,29.66098,100,0.2966098,Christian Yelich,592885,0.30215853658536584,25
2026,2026-09-24 19:00:00 CDT,26,29.52198,100,0.2952198,Christian Yelich,592885,0.30215853658536584,26
2026,2026-09-24 19:00:00 CDT,27,29.55898,100,0.2955898,Christian Yelich,592885,0.30215853658536584,27
2026,2026-09-24 19:00:00 CDT,28,29.30276,100,0.2930276,Christian Yelich,592885,0.30215853658536584,28
2026,2026-09-22 19:00:00 CDT,29,29.38576,100,0.2938576,Christian Yelich,592885,0.30215853658536584,29
2026,2026-09-22 19:00:00 CDT,30,29.18376,100,0.2918376,Christian Yelich,592885,0.30215853658536584,30
2026,2026-09-22 19:00:00 CDT,31,29.73176,100,0.2973176,Christian Yelich,592885,0.30215853658536584,31
2026,2026-09-21 19:00:00 CDT,32,29.43676,100,0.2943676,Christian Yelich,592885,0.30215853658536584,32
2026,2026-09-21 19:00:00 CDT,33,28.73854,100,0.2873854,Christian Yelich,592885,0.30215853658536584,33
2026,2026-09-21 19:00:00 CDT,34,29.33376,100,0.2933376,Christian Yelich,592885,0.30215853658536584,34
2026,2026-09-21 19:00:00 CDT,35,29.60176,100,0.2960176,Christian Yelich,592885,0.30215853658536584,35
2026,2026-09-19 19:00:00 CDT,36,30.29998,100,0.3029998,Christian Yelich,592885,0.30215853658536584,36
2026,2026-09-19 19:00:00 CDT,37,31.17098,100,0.3117098,Christian Yelich,592885,0.30215853658536584,37
2026,2026-09-19 19:00:00 CDT,38,31.96498,100,0.3196498,Christian Yelich,592885,0.30215853658536584,38
2026,2026-09-19 19:00:00 CDT,39,32.04398,100,0.3204398,Christian Yelich,592885,0.30215853658536584,39
2026,2026-09-17 19:00:00 CDT,40,33.09598,100,0.3309598,Christian Yelich,592885,0.30215853658536584,40
2026,2026-09-17 19:00:00 CDT,41,32.90898,100,0.3290898,Christian Yelich,592885,0.30215853658536584,41
2026,2026-09-17 19:00:00 CDT,42,32.82198,100,0.3282198,Christian Yelich,592885,0.30215853658536584,42
2026,2026-09-17 19:00:00 CDT,43,32.75498,100,0.3275498,Christian Yelich,592885,0.30215853658536584,43
2026,2026-09-17 19:00:00 CDT,44,33.83898,100,0.3383898,Christian Yelich,592885,0.30215853658536584,44
2026,2026-09-15 19:00:00 CDT,45,33.70198,100,0.3370198,Christian Yelich,592885,0.30215853658536584,45
2026,2026-09-15 19:00:00 CDT,46,33.45098,100,0.3345098,Christian Yelich,592885,0.30215853658536584,46
2026,2026-09-15 19:00:00 CDT,47,32.89898,100,0.3289898,Christian Yelich,592885,0.30215853658536584,47
2026,2026-09-15 19:00:00 CDT,48,32.89898,100,0.3289898,Christian Yelich,592885,0.30215853658536584,48
2026,2026-09-15 19:00:00 CDT,49,33.28698,100,0.3328698,Christian Yelich,592885,0.30215853658536584,49
2026,2026-09-14 19:00:00 CDT,50,33.98520,100,0.339852,Christian Yelich,592885,0.30215853658536584,50
2026,2026-09-14 19:00:00 CDT,51,34.49620,100,0.344962,Christian Yelich,592885,0.30215853658536584,51
2026,2026-09-14 19:00:00 CDT,52,34.81698,100,0.3481698,Christian Yelich,592885,0.30215853658536584,52
2026,2026-09-14 19:00:00 CDT,53,34.68698,100,0.3468698,Christian Yelich,592885,0.30215853658536584,53
2026,2026-09-12 19:00:00 CDT,54,35.45198,100,0.3545198,Christian Yelich,592885,0.30215853658536584,54
2026,2026-09-12 19:00:00 CDT,55,35.60398,100,0.3560398,Christian Yelich,592885,0.30215853658536584,55
2026,2026-09-12 19:00:00 CDT,56,35.15098,100,0.3515098,Christian Yelich,592885,0.30215853658536584,56
2026,2026-09-12 19:00:00 CDT,57,36.02398,100,0.3602398,Christian Yelich,592885,0.30215853658536584,57
2026,2026-09-11 19:00:00 CDT,58,35.32576,100,0.3532576,Christian Yelich,592885,0.30215853658536584,58
2026,2026-09-11 19:00:00 CDT,59,35.25176,100,0.3525176,Christian Yelich,592885,0.30215853658536584,59
2026,2026-09-11 19:00:00 CDT,60,35.08576,100,0.3508576,Christian Yelich,592885,0.30215853658536584,60
2026,2026-09-11 19:00:00 CDT,61,35.21976,100,0.3521976,Christian Yelich,592885,0.30215853658536584,61
2026,2026-09-11 19:00:00 CDT,62,35.08276,100,0.3508276,Christian Yelich,592885,0.30215853658536584,62
2026,2026-09-10 19:00:00 CDT,63,35.08276,100,0.3508276,Christian Yelich,592885,0.30215853658536584,63
2026,2026-09-10 19:00:00 CDT,64,35.15776,100,0.3515776,Christian Yelich,592885,0.30215853658536584,64
2026,2026-09-10 19:00:00 CDT,65,35.22076,100,0.3522076,Christian Yelich,592885,0.30215853658536584,65
2026,2026-09-10 19:00:00 CDT,66,35.949926,100,0.35949926,Christian Yelich,592885,0.30215853658536584,66
2026,2026-09-08 19:00:00 CDT,67,35.575926,100,0.35575926,Christian Yelich,592885,0.30215853658536584,67
2026,2026-09-08 19:00:00 CDT,68,36.109926,100,0.36109926,Christian Yelich,592885,0.30215853658536584,68
2026,2026-09-08 19:00:00 CDT,69,36.847926,100,0.36847926,Christian Yelich,592885,0.30215853658536584,69
2026,2026-09-08 19:00:00 CDT,70,36.847926,100,0.36847926,Christian Yelich,592885,0.30215853658536584,70
2026,2026-09-07 19:00:00 CDT,71,36.305926,100,0.36305926,Christian Yelich,592885,0.30215853658536584,71
2026,2026-09-06 19:00:00 CDT,72,35.733926,100,0.35733926,Christian Yelich,592885,0.30215853658536584,72
2026,2026-09-06 19:00:00 CDT,73,35.555926,100,0.35555926,Christian Yelich,592885,0.30215853658536584,73
2026,2026-09-06 19:00:00 CDT,74,35.555926,100,0.35555926,Christian Yelich,592885,0.30215853658536584,74
2026,2026-09-06 19:00:00 CDT,75,36.358926,100,0.36358926,Christian Yelich,592885,0.30215853658536584,75
2026,2026-09-05 19:00:00 CDT,76,36.900926,100,0.36900926,Christian Yelich,592885,0.30215853658536584,76
2026,2026-09-05 19:00:00 CDT,77,36.900926,100,0.36900926,Christian Yelich,592885,0.30215853658536584,77
2026,2026-09-05 19:00:00 CDT,78,36.011926,100,0.36011926,Christian Yelich,592885,0.30215853658536584,78
2026,2026-09-05 19:00:00 CDT,79,35.967926,100,0.35967926,Christian Yelich,592885,0.30215853658536584,79
2026,2026-09-05 19:00:00 CDT,80,35.530706,100,0.35530706,Christian Yelich,592885,0.30215853658536584,80
2026,2026-09-04 19:00:00 CDT,81,34.424706,100,0.34424706,Christian Yelich,592885,0.30215853658536584,81
2026,2026-09-03 19:00:00 CDT,82,34.424706,100,0.34424706,Christian Yelich,592885,0.30215853658536584,82
2026,2026-09-03 19:00:00 CDT,83,33.947706,100,0.33947706,Christian Yelich,592885,0.30215853658536584,83
2026,2026-09-03 19:00:00 CDT,84,33.960706,100,0.33960706,Christian Yelich,592885,0.30215853658536584,84
2026,2026-09-03 19:00:00 CDT,85,33.770486,100,0.33770486,Christian Yelich,592885,0.30215853658536584,85
2026,2026-09-03 19:00:00 CDT,86,33.805486,100,0.33805486,Christian Yelich,592885,0.30215853658536584,86
2026,2026-09-02 19:00:00 CDT,87,33.931486,100,0.33931486,Christian Yelich,592885,0.30215853658536584,87
2026,2026-09-02 19:00:00 CDT,88,33.493486,100,0.33493486,Christian Yelich,592885,0.30215853658536584,88
2026,2026-09-02 19:00:00 CDT,89,33.415486,100,0.33415486,Christian Yelich,592885,0.30215853658536584,89
2026,2026-09-02 19:00:00 CDT,90,33.344486,100,0.33344486,Christian Yelich,592885,0.30215853658536584,90
2026,2026-09-01 19:00:00 CDT,91,33.185486,100,0.33185486,Christian Yelich,592885,0.30215853658536584,91
2026,2026-09-01 19:00:00 CDT,92,33.847486,100,0.33847486,Christian Yelich,592885,0.30215853658536584,92
2026,2026-09-01 19:00:00 CDT,93,34.443486,100,0.34443486,Christian Yelich,592885,0.30215853658536584,93
2026,2026-08-31 19:00:00 CDT,94,34.443486,100,0.34443486,Christian Yelich,592885,0.30215853658536584,94
2026,2026-08-31 19:00:00 CDT,95,35.108706,100,0.35108706,Christian Yelich,592885,0.30215853658536584,95
2026,2026-08-31 19:00:00 CDT,96,34.898486,100,0.34898486,Christian Yelich,592885,0.30215853658536584,96
2026,2026-08-31 19:00:00 CDT,97,35.279706,100,0.35279706,Christian Yelich,592885,0.30215853658536584,97
2026,2026-08-31 19:00:00 CDT,98,35.087706,100,0.35087706,Christian Yelich,592885,0.30215853658536584,98
2026,2026-08-30 19:00:00 CDT,99,35.747926,100,0.35747926,Christian Yelich,592885,0.30215853658536584,99
2026,2026-08-30 19:00:00 CDT,100,35.616926,100,0.35616926,Christian Yelich,592885,0.30215853658536584,100
2026,2026-10-06 19:00:00 CDT,1,29.10310,100,0.291031,Joey Ortiz,687401,0.30215853658536584,1
2026,2026-10-06 19:00:00 CDT,2,29.17410,100,0.291741,Joey Ortiz,687401,0.30215853658536584,2
2026,2026-10-06 19:00:00 CDT,3,29.23732,100,0.2923732,Joey Ortiz,687401,0.30215853658536584,3
2026,2026-10-06 19:00:00 CDT,4,29.11632,100,0.2911632,Joey Ortiz,687401,0.30215853658536584,4
2026,2026-10-05 19:00:00 CDT,5,28.91332,100,0.2891332,Joey Ortiz,687401,0.30215853658536584,5
2026,2026-10-05 19:00:00 CDT,6,29.28832,100,0.2928832,Joey Ortiz,687401,0.30215853658536584,6
2026,2026-10-02 19:00:00 CDT,7,28.99832,100,0.2899832,Joey Ortiz,687401,0.30215853658536584,7
2026,2026-10-02 19:00:00 CDT,8,28.99832,100,0.2899832,Joey Ortiz,687401,0.30215853658536584,8
2026,2026-10-02 19:00:00 CDT,9,28.73032,100,0.2873032,Joey Ortiz,687401,0.30215853658536584,9
2026,2026-10-02 19:00:00 CDT,10,29.08832,100,0.2908832,Joey Ortiz,687401,0.30215853658536584,10
2026,2026-09-24 19:00:00 CDT,11,28.96132,100,0.2896132,Joey Ortiz,687401,0.30215853658536584,11
2026,2026-09-24 19:00:00 CDT,12,28.26310,100,0.282631,Joey Ortiz,687401,0.30215853658536584,12
2026,2026-09-24 19:00:00 CDT,13,28.57610,100,0.285761,Joey Ortiz,687401,0.30215853658536584,13
2026,2026-09-24 19:00:00 CDT,14,27.83710,100,0.278371,Joey Ortiz,687401,0.30215853658536584,14
2026,2026-09-23 19:00:00 CDT,15,27.86210,100,0.278621,Joey Ortiz,687401,0.30215853658536584,15
2026,2026-09-23 19:00:00 CDT,16,27.36510,100,0.273651,Joey Ortiz,687401,0.30215853658536584,16
2026,2026-09-23 19:00:00 CDT,17,27.36510,100,0.273651,Joey Ortiz,687401,0.30215853658536584,17
2026,2026-09-23 19:00:00 CDT,18,28.07310,100,0.280731,Joey Ortiz,687401,0.30215853658536584,18
2026,2026-09-22 19:00:00 CDT,19,28.97710,100,0.289771,Joey Ortiz,687401,0.30215853658536584,19
2026,2026-09-22 19:00:00 CDT,20,28.99310,100,0.289931,Joey Ortiz,687401,0.30215853658536584,20
2026,2026-09-22 19:00:00 CDT,21,28.88632,100,0.2888632,Joey Ortiz,687401,0.30215853658536584,21
2026,2026-09-22 19:00:00 CDT,22,28.93632,100,0.2893632,Joey Ortiz,687401,0.30215853658536584,22
2026,2026-09-19 19:00:00 CDT,23,29.73832,100,0.2973832,Joey Ortiz,687401,0.30215853658536584,23
2026,2026-09-19 19:00:00 CDT,24,29.73832,100,0.2973832,Joey Ortiz,687401,0.30215853658536584,24
2026,2026-09-19 19:00:00 CDT,25,29.73832,100,0.2973832,Joey Ortiz,687401,0.30215853658536584,25
2026,2026-09-19 19:00:00 CDT,26,29.73832,100,0.2973832,Joey Ortiz,687401,0.30215853658536584,26
2026,2026-09-18 19:00:00 CDT,27,29.73832,100,0.2973832,Joey Ortiz,687401,0.30215853658536584,27
2026,2026-09-18 19:00:00 CDT,28,29.64432,100,0.2964432,Joey Ortiz,687401,0.30215853658536584,28
2026,2026-09-18 19:00:00 CDT,29,30.05532,100,0.3005532,Joey Ortiz,687401,0.30215853658536584,29
2026,2026-09-17 19:00:00 CDT,30,29.94132,100,0.2994132,Joey Ortiz,687401,0.30215853658536584,30
2026,2026-09-17 19:00:00 CDT,31,30.09932,100,0.3009932,Joey Ortiz,687401,0.30215853658536584,31
2026,2026-09-17 19:00:00 CDT,32,29.56010,100,0.295601,Joey Ortiz,687401,0.30215853658536584,32
2026,2026-09-17 19:00:00 CDT,33,29.32110,100,0.293211,Joey Ortiz,687401,0.30215853658536584,33
2026,2026-09-17 19:00:00 CDT,34,29.85410,100,0.298541,Joey Ortiz,687401,0.30215853658536584,34
2026,2026-09-16 19:00:00 CDT,35,29.90810,100,0.299081,Joey Ortiz,687401,0.30215853658536584,35
2026,2026-09-16 19:00:00 CDT,36,30.17810,100,0.301781,Joey Ortiz,687401,0.30215853658536584,36
2026,2026-09-16 19:00:00 CDT,37,30.16310,100,0.301631,Joey Ortiz,687401,0.30215853658536584,37
2026,2026-09-16 19:00:00 CDT,38,30.16310,100,0.301631,Joey Ortiz,687401,0.30215853658536584,38
2026,2026-09-16 19:00:00 CDT,39,30.03710,100,0.300371,Joey Ortiz,687401,0.30215853658536584,39
2026,2026-09-15 19:00:00 CDT,40,29.98310,100,0.299831,Joey Ortiz,687401,0.30215853658536584,40
2026,2026-09-15 19:00:00 CDT,41,30.68132,100,0.3068132,Joey Ortiz,687401,0.30215853658536584,41
2026,2026-09-15 19:00:00 CDT,42,31.29132,100,0.3129132,Joey Ortiz,687401,0.30215853658536584,42
2026,2026-09-15 19:00:00 CDT,43,31.38332,100,0.3138332,Joey Ortiz,687401,0.30215853658536584,43
2026,2026-09-14 19:00:00 CDT,44,31.76754,100,0.3176754,Joey Ortiz,687401,0.30215853658536584,44
2026,2026-09-14 19:00:00 CDT,45,30.99454,100,0.3099454,Joey Ortiz,687401,0.30215853658536584,45
2026,2026-09-14 19:00:00 CDT,46,30.62054,100,0.3062054,Joey Ortiz,687401,0.30215853658536584,46
2026,2026-09-14 19:00:00 CDT,47,29.91954,100,0.2991954,Joey Ortiz,687401,0.30215853658536584,47
2026,2026-09-12 19:00:00 CDT,48,30.49254,100,0.3049254,Joey Ortiz,687401,0.30215853658536584,48
2026,2026-09-12 19:00:00 CDT,49,30.59954,100,0.3059954,Joey Ortiz,687401,0.30215853658536584,49
2026,2026-09-12 19:00:00 CDT,50,30.65254,100,0.3065254,Joey Ortiz,687401,0.30215853658536584,50
2026,2026-09-10 19:00:00 CDT,51,29.32254,100,0.2932254,Joey Ortiz,687401,0.30215853658536584,51
2026,2026-09-10 19:00:00 CDT,52,29.08954,100,0.2908954,Joey Ortiz,687401,0.30215853658536584,52
2026,2026-09-10 19:00:00 CDT,53,28.51154,100,0.2851154,Joey Ortiz,687401,0.30215853658536584,53
2026,2026-09-10 19:00:00 CDT,54,28.07254,100,0.2807254,Joey Ortiz,687401,0.30215853658536584,54
2026,2026-09-10 19:00:00 CDT,55,27.53354,100,0.2753354,Joey Ortiz,687401,0.30215853658536584,55
2026,2026-09-08 19:00:00 CDT,56,27.41454,100,0.2741454,Joey Ortiz,687401,0.30215853658536584,56
2026,2026-09-08 19:00:00 CDT,57,27.32854,100,0.2732854,Joey Ortiz,687401,0.30215853658536584,57
2026,2026-09-08 19:00:00 CDT,58,27.65054,100,0.2765054,Joey Ortiz,687401,0.30215853658536584,58
2026,2026-09-08 19:00:00 CDT,59,27.47754,100,0.2747754,Joey Ortiz,687401,0.30215853658536584,59
2026,2026-09-07 19:00:00 CDT,60,27.76154,100,0.2776154,Joey Ortiz,687401,0.30215853658536584,60
2026,2026-09-07 19:00:00 CDT,61,27.76754,100,0.2776754,Joey Ortiz,687401,0.30215853658536584,61
2026,2026-09-07 19:00:00 CDT,62,28.07354,100,0.2807354,Joey Ortiz,687401,0.30215853658536584,62
2026,2026-09-07 19:00:00 CDT,63,27.21854,100,0.2721854,Joey Ortiz,687401,0.30215853658536584,63
2026,2026-09-06 19:00:00 CDT,64,26.68554,100,0.2668554,Joey Ortiz,687401,0.30215853658536584,64
2026,2026-09-06 19:00:00 CDT,65,26.98276,100,0.2698276,Joey Ortiz,687401,0.30215853658536584,65
2026,2026-09-06 19:00:00 CDT,66,27.07776,100,0.2707776,Joey Ortiz,687401,0.30215853658536584,66
2026,2026-09-04 19:00:00 CDT,67,27.69176,100,0.2769176,Joey Ortiz,687401,0.30215853658536584,67
2026,2026-09-04 19:00:00 CDT,68,28.05376,100,0.2805376,Joey Ortiz,687401,0.30215853658536584,68
2026,2026-09-02 19:00:00 CDT,69,28.79276,100,0.2879276,Joey Ortiz,687401,0.30215853658536584,69
2026,2026-09-02 19:00:00 CDT,70,28.95276,100,0.2895276,Joey Ortiz,687401,0.30215853658536584,70
2026,2026-09-02 19:00:00 CDT,71,28.22176,100,0.2822176,Joey Ortiz,687401,0.30215853658536584,71
2026,2026-09-01 19:00:00 CDT,72,28.93576,100,0.2893576,Joey Ortiz,687401,0.30215853658536584,72
2026,2026-09-01 19:00:00 CDT,73,28.56176,100,0.2856176,Joey Ortiz,687401,0.30215853658536584,73
2026,2026-09-01 19:00:00 CDT,74,28.55676,100,0.2855676,Joey Ortiz,687401,0.30215853658536584,74
2026,2026-09-01 19:00:00 CDT,75,27.85854,100,0.2785854,Joey Ortiz,687401,0.30215853658536584,75
2026,2026-09-01 19:00:00 CDT,76,28.25954,100,0.2825954,Joey Ortiz,687401,0.30215853658536584,76
2026,2026-08-31 19:00:00 CDT,77,28.73976,100,0.2873976,Joey Ortiz,687401,0.30215853658536584,77
2026,2026-08-31 19:00:00 CDT,78,28.47476,100,0.2847476,Joey Ortiz,687401,0.30215853658536584,78
2026,2026-08-31 19:00:00 CDT,79,28.94098,100,0.2894098,Joey Ortiz,687401,0.30215853658536584,79
2026,2026-08-31 19:00:00 CDT,80,29.21120,100,0.292112,Joey Ortiz,687401,0.30215853658536584,80
2026,2026-08-30 19:00:00 CDT,81,29.51620,100,0.295162,Joey Ortiz,687401,0.30215853658536584,81
2026,2026-08-29 19:00:00 CDT,82,30.19120,100,0.301912,Joey Ortiz,687401,0.30215853658536584,82
2026,2026-08-29 19:00:00 CDT,83,29.97720,100,0.299772,Joey Ortiz,687401,0.30215853658536584,83
2026,2026-08-29 19:00:00 CDT,84,29.94420,100,0.299442,Joey Ortiz,687401,0.30215853658536584,84
2026,2026-08-29 19:00:00 CDT,85,29.87320,100,0.298732,Joey Ortiz,687401,0.30215853658536584,85
2026,2026-08-27 19:00:00 CDT,86,29.06520,100,0.290652,Joey Ortiz,687401,0.30215853658536584,86
2026,2026-08-27 19:00:00 CDT,87,29.13320,100,0.291332,Joey Ortiz,687401,0.30215853658536584,87
2026,2026-08-27 19:00:00 CDT,88,29.35420,100,0.293542,Joey Ortiz,687401,0.30215853658536584,88
2026,2026-08-27 19:00:00 CDT,89,29.28320,100,0.292832,Joey Ortiz,687401,0.30215853658536584,89
2026,2026-08-26 19:00:00 CDT,90,29.20920,100,0.292092,Joey Ortiz,687401,0.30215853658536584,90
2026,2026-08-26 19:00:00 CDT,91,29.28220,100,0.292822,Joey Ortiz,687401,0.30215853658536584,91
2026,2026-08-26 19:00:00 CDT,92,29.27520,100,0.292752,Joey Ortiz,687401,0.30215853658536584,92
2026,2026-08-26 19:00:00 CDT,93,27.80620,100,0.278062,Joey Ortiz,687401,0.30215853658536584,93
2026,2026-08-26 19:00:00 CDT,94,29.16520,100,0.291652,Joey Ortiz,687401,0.30215853658536584,94
2026,2026-08-24 19:00:00 CDT,95,29.37020,100,0.293702,Joey Ortiz,687401,0.30215853658536584,95
2026,2026-08-24 19:00:00 CDT,96,28.76998,100,0.2876998,Joey Ortiz,687401,0.30215853658536584,96
2026,2026-08-24 19:00:00 CDT,97,29.46320,100,0.294632,Joey Ortiz,687401,0.30215853658536584,97
2026,2026-08-24 19:00:00 CDT,98,29.32220,100,0.293222,Joey Ortiz,687401,0.30215853658536584,98
2026,2026-08-22 19:00:00 CDT,99,29.15520,100,0.291552,Joey Ortiz,687401,0.30215853658536584,99
2026,2026-08-22 19:00:00 CDT,100,29.36120,100,0.293612,Joey Ortiz,687401,0.30215853658536584,100
2026,2026-10-05 19:00:00 CDT,1,30.549266,100,0.30549266,David Hamilton,666152,0.30215853658536584,1
2026,2026-10-03 19:00:00 CDT,2,30.436266,100,0.30436266,David Hamilton,666152,0.30215853658536584,2
2026,2026-10-03 19:00:00 CDT,3,30.614266,100,0.30614266,David Hamilton,666152,0.30215853658536584,3
2026,2026-10-03 19:00:00 CDT,4,30.614266,100,0.30614266,David Hamilton,666152,0.30215853658536584,4
2026,2026-09-26 19:00:00 CDT,5,31.010266,100,0.31010266,David Hamilton,666152,0.30215853658536584,5
2026,2026-09-26 19:00:00 CDT,6,30.974266,100,0.30974266,David Hamilton,666152,0.30215853658536584,6
2026,2026-09-26 19:00:00 CDT,7,30.953266,100,0.30953266,David Hamilton,666152,0.30215853658536584,7
2026,2026-09-25 19:00:00 CDT,8,30.516266,100,0.30516266,David Hamilton,666152,0.30215853658536584,8
2026,2026-09-25 19:00:00 CDT,9,30.498266,100,0.30498266,David Hamilton,666152,0.30215853658536584,9
2026,2026-09-25 19:00:00 CDT,10,29.016266,100,0.29016266,David Hamilton,666152,0.30215853658536584,10
2026,2026-09-24 19:00:00 CDT,11,29.016266,100,0.29016266,David Hamilton,666152,0.30215853658536584,11
2026,2026-09-24 19:00:00 CDT,12,29.18910,100,0.291891,David Hamilton,666152,0.30215853658536584,12
2026,2026-09-24 19:00:00 CDT,13,29.18910,100,0.291891,David Hamilton,666152,0.30215853658536584,13
2026,2026-09-24 19:00:00 CDT,14,28.36810,100,0.283681,David Hamilton,666152,0.30215853658536584,14
2026,2026-09-22 19:00:00 CDT,15,28.35032,100,0.2835032,David Hamilton,666152,0.30215853658536584,15
2026,2026-09-22 19:00:00 CDT,16,29.25032,100,0.2925032,David Hamilton,666152,0.30215853658536584,16
2026,2026-09-22 19:00:00 CDT,17,28.74032,100,0.2874032,David Hamilton,666152,0.30215853658536584,17
2026,2026-09-21 19:00:00 CDT,18,28.22310,100,0.282231,David Hamilton,666152,0.30215853658536584,18
2026,2026-09-21 19:00:00 CDT,19,28.23610,100,0.282361,David Hamilton,666152,0.30215853658536584,19
2026,2026-09-21 19:00:00 CDT,20,27.32610,100,0.273261,David Hamilton,666152,0.30215853658536584,20
2026,2026-09-18 19:00:00 CDT,21,27.20610,100,0.272061,David Hamilton,666152,0.30215853658536584,21
2026,2026-09-18 19:00:00 CDT,22,27.90432,100,0.2790432,David Hamilton,666152,0.30215853658536584,22
2026,2026-09-18 19:00:00 CDT,23,27.91232,100,0.2791232,David Hamilton,666152,0.30215853658536584,23
2026,2026-09-17 19:00:00 CDT,24,27.74632,100,0.2774632,David Hamilton,666152,0.30215853658536584,24
2026,2026-09-16 19:00:00 CDT,25,27.74632,100,0.2774632,David Hamilton,666152,0.30215853658536584,25
2026,2026-09-16 19:00:00 CDT,26,27.75632,100,0.2775632,David Hamilton,666152,0.30215853658536584,26
2026,2026-09-14 19:00:00 CDT,27,27.39932,100,0.2739932,David Hamilton,666152,0.30215853658536584,27
2026,2026-09-14 19:00:00 CDT,28,27.67332,100,0.2767332,David Hamilton,666152,0.30215853658536584,28
2026,2026-09-14 19:00:00 CDT,29,27.79732,100,0.2779732,David Hamilton,666152,0.30215853658536584,29
2026,2026-09-14 19:00:00 CDT,30,28.53332,100,0.2853332,David Hamilton,666152,0.30215853658536584,30
2026,2026-09-11 19:00:00 CDT,31,28.37532,100,0.2837532,David Hamilton,666152,0.30215853658536584,31
2026,2026-09-11 19:00:00 CDT,32,29.07354,100,0.2907354,David Hamilton,666152,0.30215853658536584,32
2026,2026-09-11 19:00:00 CDT,33,29.48154,100,0.2948154,David Hamilton,666152,0.30215853658536584,33
2026,2026-09-11 19:00:00 CDT,34,30.17976,100,0.3017976,David Hamilton,666152,0.30215853658536584,34
2026,2026-09-10 19:00:00 CDT,35,30.02476,100,0.3002476,David Hamilton,666152,0.30215853658536584,35
2026,2026-09-10 19:00:00 CDT,36,29.58876,100,0.2958876,David Hamilton,666152,0.30215853658536584,36
2026,2026-09-05 19:00:00 CDT,37,30.32876,100,0.3032876,David Hamilton,666152,0.30215853658536584,37
2026,2026-09-05 19:00:00 CDT,38,30.41476,100,0.3041476,David Hamilton,666152,0.30215853658536584,38
2026,2026-09-05 19:00:00 CDT,39,29.88076,100,0.2988076,David Hamilton,666152,0.30215853658536584,39
2026,2026-09-05 19:00:00 CDT,40,29.92776,100,0.2992776,David Hamilton,666152,0.30215853658536584,40
2026,2026-09-04 19:00:00 CDT,41,29.69554,100,0.2969554,David Hamilton,666152,0.30215853658536584,41
2026,2026-09-04 19:00:00 CDT,42,29.51554,100,0.2951554,David Hamilton,666152,0.30215853658536584,42
2026,2026-09-04 19:00:00 CDT,43,29.88354,100,0.2988354,David Hamilton,666152,0.30215853658536584,43
2026,2026-09-03 19:00:00 CDT,44,30.53376,100,0.3053376,David Hamilton,666152,0.30215853658536584,44
2026,2026-09-03 19:00:00 CDT,45,30.53376,100,0.3053376,David Hamilton,666152,0.30215853658536584,45
2026,2026-09-03 19:00:00 CDT,46,31.25876,100,0.3125876,David Hamilton,666152,0.30215853658536584,46
2026,2026-09-03 19:00:00 CDT,47,31.25876,100,0.3125876,David Hamilton,666152,0.30215853658536584,47
2026,2026-09-03 19:00:00 CDT,48,30.84576,100,0.3084576,David Hamilton,666152,0.30215853658536584,48
2026,2026-09-02 19:00:00 CDT,49,30.77876,100,0.3077876,David Hamilton,666152,0.30215853658536584,49
2026,2026-09-02 19:00:00 CDT,50,30.47576,100,0.3047576,David Hamilton,666152,0.30215853658536584,50
2026,2026-09-02 19:00:00 CDT,51,30.16776,100,0.3016776,David Hamilton,666152,0.30215853658536584,51
2026,2026-08-30 19:00:00 CDT,52,30.07676,100,0.3007676,David Hamilton,666152,0.30215853658536584,52
2026,2026-08-30 19:00:00 CDT,53,30.58176,100,0.3058176,David Hamilton,666152,0.30215853658536584,53
2026,2026-08-30 19:00:00 CDT,54,30.17276,100,0.3017276,David Hamilton,666152,0.30215853658536584,54
2026,2026-08-30 19:00:00 CDT,55,29.73776,100,0.2973776,David Hamilton,666152,0.30215853658536584,55
2026,2026-08-29 19:00:00 CDT,56,29.45576,100,0.2945576,David Hamilton,666152,0.30215853658536584,56
2026,2026-08-29 19:00:00 CDT,57,29.68976,100,0.2968976,David Hamilton,666152,0.30215853658536584,57
2026,2026-08-28 19:00:00 CDT,58,30.11776,100,0.3011776,David Hamilton,666152,0.30215853658536584,58
2026,2026-08-28 19:00:00 CDT,59,30.76998,100,0.3076998,David Hamilton,666152,0.30215853658536584,59
2026,2026-08-28 19:00:00 CDT,60,30.76998,100,0.3076998,David Hamilton,666152,0.30215853658536584,60
2026,2026-08-27 19:00:00 CDT,61,30.61998,100,0.3061998,David Hamilton,666152,0.30215853658536584,61
2026,2026-08-27 19:00:00 CDT,62,30.56098,100,0.3056098,David Hamilton,666152,0.30215853658536584,62
2026,2026-08-27 19:00:00 CDT,63,29.81498,100,0.2981498,David Hamilton,666152,0.30215853658536584,63
2026,2026-08-27 19:00:00 CDT,64,30.04898,100,0.3004898,David Hamilton,666152,0.30215853658536584,64
2026,2026-08-26 19:00:00 CDT,65,29.73798,100,0.2973798,David Hamilton,666152,0.30215853658536584,65
2026,2026-08-26 19:00:00 CDT,66,29.82098,100,0.2982098,David Hamilton,666152,0.30215853658536584,66
2026,2026-08-26 19:00:00 CDT,67,29.17298,100,0.2917298,David Hamilton,666152,0.30215853658536584,67
2026,2026-08-26 19:00:00 CDT,68,29.28898,100,0.2928898,David Hamilton,666152,0.30215853658536584,68
2026,2026-08-25 19:00:00 CDT,69,29.71320,100,0.297132,David Hamilton,666152,0.30215853658536584,69
2026,2026-08-25 19:00:00 CDT,70,29.27320,100,0.292732,David Hamilton,666152,0.30215853658536584,70
2026,2026-08-25 19:00:00 CDT,71,29.27320,100,0.292732,David Hamilton,666152,0.30215853658536584,71
2026,2026-08-25 19:00:00 CDT,72,30.06520,100,0.300652,David Hamilton,666152,0.30215853658536584,72
2026,2026-08-25 19:00:00 CDT,73,29.42220,100,0.294222,David Hamilton,666152,0.30215853658536584,73
2026,2026-08-24 19:00:00 CDT,74,28.50120,100,0.285012,David Hamilton,666152,0.30215853658536584,74
2026,2026-08-24 19:00:00 CDT,75,28.02220,100,0.280222,David Hamilton,666152,0.30215853658536584,75
2026,2026-08-22 19:00:00 CDT,76,28.02220,100,0.280222,David Hamilton,666152,0.30215853658536584,76
2026,2026-08-22 19:00:00 CDT,77,27.88720,100,0.278872,David Hamilton,666152,0.30215853658536584,77
2026,2026-08-22 19:00:00 CDT,78,27.27320,100,0.272732,David Hamilton,666152,0.30215853658536584,78
2026,2026-08-19 19:00:00 CDT,79,27.05920,100,0.270592,David Hamilton,666152,0.30215853658536584,79
2026,2026-08-19 19:00:00 CDT,80,26.57720,100,0.265772,David Hamilton,666152,0.30215853658536584,80
2026,2026-08-19 19:00:00 CDT,81,26.72720,100,0.267272,David Hamilton,666152,0.30215853658536584,81
2026,2026-08-19 19:00:00 CDT,82,26.72720,100,0.267272,David Hamilton,666152,0.30215853658536584,82
2026,2026-08-17 19:00:00 CDT,83,26.98320,100,0.269832,David Hamilton,666152,0.30215853658536584,83
2026,2026-08-17 19:00:00 CDT,84,26.64220,100,0.266422,David Hamilton,666152,0.30215853658536584,84
2026,2026-08-17 19:00:00 CDT,85,26.37320,100,0.263732,David Hamilton,666152,0.30215853658536584,85
2026,2026-08-17 19:00:00 CDT,86,25.65720,100,0.256572,David Hamilton,666152,0.30215853658536584,86
2026,2026-08-17 19:00:00 CDT,87,25.54720,100,0.255472,David Hamilton,666152,0.30215853658536584,87
2026,2026-08-15 19:00:00 CDT,88,25.55220,100,0.255522,David Hamilton,666152,0.30215853658536584,88
2026,2026-08-14 19:00:00 CDT,89,25.53520,100,0.255352,David Hamilton,666152,0.30215853658536584,89
2026,2026-08-13 19:00:00 CDT,90,25.53520,100,0.255352,David Hamilton,666152,0.30215853658536584,90
2026,2026-08-13 19:00:00 CDT,91,24.91798,100,0.2491798,David Hamilton,666152,0.30215853658536584,91
2026,2026-08-13 19:00:00 CDT,92,24.87498,100,0.2487498,David Hamilton,666152,0.30215853658536584,92
2026,2026-08-13 19:00:00 CDT,93,24.64298,100,0.2464298,David Hamilton,666152,0.30215853658536584,93
2026,2026-08-12 19:00:00 CDT,94,24.87498,100,0.2487498,David Hamilton,666152,0.30215853658536584,94
2026,2026-08-12 19:00:00 CDT,95,24.06398,100,0.2406398,David Hamilton,666152,0.30215853658536584,95
2026,2026-08-12 19:00:00 CDT,96,24.11698,100,0.2411698,David Hamilton,666152,0.30215853658536584,96
2026,2026-08-12 19:00:00 CDT,97,23.41876,100,0.2341876,David Hamilton,666152,0.30215853658536584,97
2026,2026-08-11 19:00:00 CDT,98,23.20076,100,0.2320076,David Hamilton,666152,0.30215853658536584,98
2026,2026-08-11 19:00:00 CDT,99,23.38476,100,0.2338476,David Hamilton,666152,0.30215853658536584,99
2026,2026-08-11 19:00:00 CDT,100,23.01354,100,0.2301354,David Hamilton,666152,0.30215853658536584,100
2026,2026-10-06 19:00:00 CDT,1,26.26876,100,0.2626876,Sal Frelick,686217,0.30215853658536584,1
2026,2026-10-06 19:00:00 CDT,2,26.31476,100,0.2631476,Sal Frelick,686217,0.30215853658536584,2
2026,2026-10-06 19:00:00 CDT,3,26.46776,100,0.2646776,Sal Frelick,686217,0.30215853658536584,3
2026,2026-10-06 19:00:00 CDT,4,26.03876,100,0.2603876,Sal Frelick,686217,0.30215853658536584,4
2026,2026-10-05 19:00:00 CDT,5,26.01676,100,0.2601676,Sal Frelick,686217,0.30215853658536584,5
2026,2026-10-05 19:00:00 CDT,6,25.96076,100,0.2596076,Sal Frelick,686217,0.30215853658536584,6
2026,2026-10-05 19:00:00 CDT,7,25.87576,100,0.2587576,Sal Frelick,686217,0.30215853658536584,7
2026,2026-10-05 19:00:00 CDT,8,25.53276,100,0.2553276,Sal Frelick,686217,0.30215853658536584,8
2026,2026-10-03 19:00:00 CDT,9,24.81976,100,0.2481976,Sal Frelick,686217,0.30215853658536584,9
2026,2026-10-03 19:00:00 CDT,10,24.19754,100,0.2419754,Sal Frelick,686217,0.30215853658536584,10
2026,2026-10-03 19:00:00 CDT,11,23.67532,100,0.2367532,Sal Frelick,686217,0.30215853658536584,11
2026,2026-10-03 19:00:00 CDT,12,23.13132,100,0.2313132,Sal Frelick,686217,0.30215853658536584,12
2026,2026-09-26 19:00:00 CDT,13,23.48132,100,0.2348132,Sal Frelick,686217,0.30215853658536584,13
2026,2026-09-26 19:00:00 CDT,14,23.34732,100,0.2334732,Sal Frelick,686217,0.30215853658536584,14
2026,2026-09-26 19:00:00 CDT,15,23.46832,100,0.2346832,Sal Frelick,686217,0.30215853658536584,15
2026,2026-09-24 19:00:00 CDT,16,24.151486,100,0.24151486,Sal Frelick,686217,0.30215853658536584,16
2026,2026-09-24 19:00:00 CDT,17,24.046486,100,0.24046486,Sal Frelick,686217,0.30215853658536584,17
2026,2026-09-23 19:00:00 CDT,18,24.266486,100,0.24266486,Sal Frelick,686217,0.30215853658536584,18
2026,2026-09-23 19:00:00 CDT,19,24.758486,100,0.24758486,Sal Frelick,686217,0.30215853658536584,19
2026,2026-09-23 19:00:00 CDT,20,24.096266,100,0.24096266,Sal Frelick,686217,0.30215853658536584,20
2026,2026-09-23 19:00:00 CDT,21,24.182046,100,0.24182046,Sal Frelick,686217,0.30215853658536584,21
2026,2026-09-22 19:00:00 CDT,22,24.138046,100,0.24138046,Sal Frelick,686217,0.30215853658536584,22
2026,2026-09-22 19:00:00 CDT,23,24.556046,100,0.24556046,Sal Frelick,686217,0.30215853658536584,23
2026,2026-09-22 19:00:00 CDT,24,25.183266,100,0.25183266,Sal Frelick,686217,0.30215853658536584,24
2026,2026-09-19 19:00:00 CDT,25,25.364266,100,0.25364266,Sal Frelick,686217,0.30215853658536584,25
2026,2026-09-19 19:00:00 CDT,26,26.033266,100,0.26033266,Sal Frelick,686217,0.30215853658536584,26
2026,2026-09-19 19:00:00 CDT,27,26.675266,100,0.26675266,Sal Frelick,686217,0.30215853658536584,27
2026,2026-09-17 19:00:00 CDT,28,27.325486,100,0.27325486,Sal Frelick,686217,0.30215853658536584,28
2026,2026-09-17 19:00:00 CDT,29,27.304486,100,0.27304486,Sal Frelick,686217,0.30215853658536584,29
2026,2026-09-16 19:00:00 CDT,30,26.620266,100,0.26620266,Sal Frelick,686217,0.30215853658536584,30
2026,2026-09-16 19:00:00 CDT,31,27.129266,100,0.27129266,Sal Frelick,686217,0.30215853658536584,31
2026,2026-09-16 19:00:00 CDT,32,27.348266,100,0.27348266,Sal Frelick,686217,0.30215853658536584,32
2026,2026-09-16 19:00:00 CDT,33,27.803266,100,0.27803266,Sal Frelick,686217,0.30215853658536584,33
2026,2026-09-15 19:00:00 CDT,34,28.413266,100,0.28413266,Sal Frelick,686217,0.30215853658536584,34
2026,2026-09-15 19:00:00 CDT,35,28.570266,100,0.28570266,Sal Frelick,686217,0.30215853658536584,35
2026,2026-09-12 19:00:00 CDT,36,28.698266,100,0.28698266,Sal Frelick,686217,0.30215853658536584,36
2026,2026-09-11 19:00:00 CDT,37,28.362266,100,0.28362266,Sal Frelick,686217,0.30215853658536584,37
2026,2026-09-11 19:00:00 CDT,38,28.207266,100,0.28207266,Sal Frelick,686217,0.30215853658536584,38
2026,2026-09-11 19:00:00 CDT,39,28.412266,100,0.28412266,Sal Frelick,686217,0.30215853658536584,39
2026,2026-09-11 19:00:00 CDT,40,28.388266,100,0.28388266,Sal Frelick,686217,0.30215853658536584,40
2026,2026-09-11 19:00:00 CDT,41,28.300266,100,0.28300266,Sal Frelick,686217,0.30215853658536584,41
2026,2026-09-08 19:00:00 CDT,42,28.396266,100,0.28396266,Sal Frelick,686217,0.30215853658536584,42
2026,2026-09-08 19:00:00 CDT,43,28.111266,100,0.28111266,Sal Frelick,686217,0.30215853658536584,43
2026,2026-09-08 19:00:00 CDT,44,28.985266,100,0.28985266,Sal Frelick,686217,0.30215853658536584,44
2026,2026-09-08 19:00:00 CDT,45,28.792266,100,0.28792266,Sal Frelick,686217,0.30215853658536584,45
2026,2026-09-07 19:00:00 CDT,46,28.507266,100,0.28507266,Sal Frelick,686217,0.30215853658536584,46
2026,2026-09-05 19:00:00 CDT,47,29.114266,100,0.29114266,Sal Frelick,686217,0.30215853658536584,47
2026,2026-09-05 19:00:00 CDT,48,29.122266,100,0.29122266,Sal Frelick,686217,0.30215853658536584,48
2026,2026-09-05 19:00:00 CDT,49,29.280266,100,0.29280266,Sal Frelick,686217,0.30215853658536584,49
2026,2026-09-05 19:00:00 CDT,50,29.673266,100,0.29673266,Sal Frelick,686217,0.30215853658536584,50
2026,2026-09-05 19:00:00 CDT,51,29.793266,100,0.29793266,Sal Frelick,686217,0.30215853658536584,51
2026,2026-09-03 19:00:00 CDT,52,29.747266,100,0.29747266,Sal Frelick,686217,0.30215853658536584,52
2026,2026-09-03 19:00:00 CDT,53,30.401486,100,0.30401486,Sal Frelick,686217,0.30215853658536584,53
2026,2026-09-03 19:00:00 CDT,54,29.778486,100,0.29778486,Sal Frelick,686217,0.30215853658536584,54
2026,2026-09-03 19:00:00 CDT,55,30.388706,100,0.30388706,Sal Frelick,686217,0.30215853658536584,55
2026,2026-09-03 19:00:00 CDT,56,30.185706,100,0.30185706,Sal Frelick,686217,0.30215853658536584,56
2026,2026-09-03 19:00:00 CDT,57,29.392706,100,0.29392706,Sal Frelick,686217,0.30215853658536584,57
2026,2026-09-01 19:00:00 CDT,58,29.621706,100,0.29621706,Sal Frelick,686217,0.30215853658536584,58
2026,2026-09-01 19:00:00 CDT,59,29.211706,100,0.29211706,Sal Frelick,686217,0.30215853658536584,59
2026,2026-08-31 19:00:00 CDT,60,29.082706,100,0.29082706,Sal Frelick,686217,0.30215853658536584,60
2026,2026-08-31 19:00:00 CDT,61,28.965706,100,0.28965706,Sal Frelick,686217,0.30215853658536584,61
2026,2026-08-30 19:00:00 CDT,62,28.349706,100,0.28349706,Sal Frelick,686217,0.30215853658536584,62
2026,2026-08-30 19:00:00 CDT,63,29.246706,100,0.29246706,Sal Frelick,686217,0.30215853658536584,63
2026,2026-08-30 19:00:00 CDT,64,28.772706,100,0.28772706,Sal Frelick,686217,0.30215853658536584,64
2026,2026-08-30 19:00:00 CDT,65,28.444706,100,0.28444706,Sal Frelick,686217,0.30215853658536584,65
2026,2026-08-29 19:00:00 CDT,66,28.952706,100,0.28952706,Sal Frelick,686217,0.30215853658536584,66
2026,2026-08-29 19:00:00 CDT,67,28.952706,100,0.28952706,Sal Frelick,686217,0.30215853658536584,67
2026,2026-08-29 19:00:00 CDT,68,28.257486,100,0.28257486,Sal Frelick,686217,0.30215853658536584,68
2026,2026-08-27 19:00:00 CDT,69,28.363486,100,0.28363486,Sal Frelick,686217,0.30215853658536584,69
2026,2026-08-27 19:00:00 CDT,70,28.783706,100,0.28783706,Sal Frelick,686217,0.30215853658536584,70
2026,2026-08-27 19:00:00 CDT,71,28.133486,100,0.28133486,Sal Frelick,686217,0.30215853658536584,71
2026,2026-08-27 19:00:00 CDT,72,28.069486,100,0.28069486,Sal Frelick,686217,0.30215853658536584,72
2026,2026-08-26 19:00:00 CDT,73,27.879486,100,0.27879486,Sal Frelick,686217,0.30215853658536584,73
2026,2026-08-26 19:00:00 CDT,74,28.299486,100,0.28299486,Sal Frelick,686217,0.30215853658536584,74
2026,2026-08-26 19:00:00 CDT,75,28.343706,100,0.28343706,Sal Frelick,686217,0.30215853658536584,75
2026,2026-08-26 19:00:00 CDT,76,28.898706,100,0.28898706,Sal Frelick,686217,0.30215853658536584,76
2026,2026-08-26 19:00:00 CDT,77,29.516926,100,0.29516926,Sal Frelick,686217,0.30215853658536584,77
2026,2026-08-25 19:00:00 CDT,78,29.391926,100,0.29391926,Sal Frelick,686217,0.30215853658536584,78
2026,2026-08-25 19:00:00 CDT,79,28.743706,100,0.28743706,Sal Frelick,686217,0.30215853658536584,79
2026,2026-08-25 19:00:00 CDT,80,29.065706,100,0.29065706,Sal Frelick,686217,0.30215853658536584,80
2026,2026-08-25 19:00:00 CDT,81,29.526706,100,0.29526706,Sal Frelick,686217,0.30215853658536584,81
2026,2026-08-25 19:00:00 CDT,82,29.233706,100,0.29233706,Sal Frelick,686217,0.30215853658536584,82
2026,2026-07-16 19:00:00 CDT,83,29.388926,100,0.29388926,Sal Frelick,686217,0.30215853658536584,83
2026,2026-07-11 19:00:00 CDT,84,29.509926,100,0.29509926,Sal Frelick,686217,0.30215853658536584,84
2026,2026-07-11 19:00:00 CDT,85,29.436926,100,0.29436926,Sal Frelick,686217,0.30215853658536584,85
2026,2026-07-11 19:00:00 CDT,86,29.458926,100,0.29458926,Sal Frelick,686217,0.30215853658536584,86
2026,2026-07-11 19:00:00 CDT,87,29.458926,100,0.29458926,Sal Frelick,686217,0.30215853658536584,87
2026,2026-07-10 19:00:00 CDT,88,29.761926,100,0.29761926,Sal Frelick,686217,0.30215853658536584,88
2026,2026-07-10 19:00:00 CDT,89,29.802926,100,0.29802926,Sal Frelick,686217,0.30215853658536584,89
2026,2026-07-10 19:00:00 CDT,90,30.393926,100,0.30393926,Sal Frelick,686217,0.30215853658536584,90
2026,2026-07-10 19:00:00 CDT,91,30.447926,100,0.30447926,Sal Frelick,686217,0.30215853658536584,91
2026,2026-07-08 19:00:00 CDT,92,30.489926,100,0.30489926,Sal Frelick,686217,0.30215853658536584,92
2026,2026-07-08 19:00:00 CDT,93,30.948926,100,0.30948926,Sal Frelick,686217,0.30215853658536584,93
2026,2026-07-08 19:00:00 CDT,94,31.139926,100,0.31139926,Sal Frelick,686217,0.30215853658536584,94
2026,2026-07-08 19:00:00 CDT,95,31.029926,100,0.31029926,Sal Frelick,686217,0.30215853658536584,95
2026,2026-07-07 19:00:00 CDT,96,30.732926,100,0.30732926,Sal Frelick,686217,0.30215853658536584,96
2026,2026-07-06 19:00:00 CDT,97,30.965926,100,0.30965926,Sal Frelick,686217,0.30215853658536584,97
2026,2026-07-06 19:00:00 CDT,98,31.270926,100,0.31270926,Sal Frelick,686217,0.30215853658536584,98
2026,2026-07-06 19:00:00 CDT,99,31.406926,100,0.31406926,Sal Frelick,686217,0.30215853658536584,99
2026,2026-07-06 19:00:00 CDT,100,31.394926,100,0.31394926,Sal Frelick,686217,0.30215853658536584,100
2026,2026-10-03 19:00:00 CDT,1,28.789092,100,0.28789092,Andrew Vaughn,683734,0.30215853658536584,1
2026,2026-10-02 19:00:00 CDT,2,28.740092,100,0.28740092,Andrew Vaughn,683734,0.30215853658536584,2
2026,2026-09-18 19:00:00 CDT,3,28.349092,100,0.28349092,Andrew Vaughn,683734,0.30215853658536584,3
2026,2026-09-18 19:00:00 CDT,4,28.709092,100,0.28709092,Andrew Vaughn,683734,0.30215853658536584,4
2026,2026-09-18 19:00:00 CDT,5,28.217092,100,0.28217092,Andrew Vaughn,683734,0.30215853658536584,5
2026,2026-09-17 19:00:00 CDT,6,28.749092,100,0.28749092,Andrew Vaughn,683734,0.30215853658536584,6
2026,2026-09-17 19:00:00 CDT,7,28.746092,100,0.28746092,Andrew Vaughn,683734,0.30215853658536584,7
2026,2026-09-16 19:00:00 CDT,8,28.746092,100,0.28746092,Andrew Vaughn,683734,0.30215853658536584,8
2026,2026-09-16 19:00:00 CDT,9,28.881872,100,0.28881872,Andrew Vaughn,683734,0.30215853658536584,9
2026,2026-09-16 19:00:00 CDT,10,28.925872,100,0.28925872,Andrew Vaughn,683734,0.30215853658536584,10
2026,2026-09-16 19:00:00 CDT,11,28.859872,100,0.28859872,Andrew Vaughn,683734,0.30215853658536584,11
2026,2026-09-16 19:00:00 CDT,12,28.888872,100,0.28888872,Andrew Vaughn,683734,0.30215853658536584,12
2026,2026-09-15 19:00:00 CDT,13,29.345092,100,0.29345092,Andrew Vaughn,683734,0.30215853658536584,13
2026,2026-09-15 19:00:00 CDT,14,29.509092,100,0.29509092,Andrew Vaughn,683734,0.30215853658536584,14
2026,2026-09-10 19:00:00 CDT,15,29.253092,100,0.29253092,Andrew Vaughn,683734,0.30215853658536584,15
2026,2026-09-10 19:00:00 CDT,16,28.811092,100,0.28811092,Andrew Vaughn,683734,0.30215853658536584,16
2026,2026-09-08 19:00:00 CDT,17,28.526312,100,0.28526312,Andrew Vaughn,683734,0.30215853658536584,17
2026,2026-09-08 19:00:00 CDT,18,30.391312,100,0.30391312,Andrew Vaughn,683734,0.30215853658536584,18
2026,2026-09-08 19:00:00 CDT,19,30.381312,100,0.30381312,Andrew Vaughn,683734,0.30215853658536584,19
2026,2026-09-08 19:00:00 CDT,20,30.133312,100,0.30133312,Andrew Vaughn,683734,0.30215853658536584,20
2026,2026-09-07 19:00:00 CDT,21,30.950312,100,0.30950312,Andrew Vaughn,683734,0.30215853658536584,21
2026,2026-09-07 19:00:00 CDT,22,30.491312,100,0.30491312,Andrew Vaughn,683734,0.30215853658536584,22
2026,2026-09-06 19:00:00 CDT,23,31.030532,100,0.31030532,Andrew Vaughn,683734,0.30215853658536584,23
2026,2026-09-06 19:00:00 CDT,24,31.030532,100,0.31030532,Andrew Vaughn,683734,0.30215853658536584,24
2026,2026-09-06 19:00:00 CDT,25,31.614532,100,0.31614532,Andrew Vaughn,683734,0.30215853658536584,25
2026,2026-09-05 19:00:00 CDT,26,31.396532,100,0.31396532,Andrew Vaughn,683734,0.30215853658536584,26
2026,2026-09-05 19:00:00 CDT,27,30.698312,100,0.30698312,Andrew Vaughn,683734,0.30215853658536584,27
2026,2026-09-04 19:00:00 CDT,28,30.741312,100,0.30741312,Andrew Vaughn,683734,0.30215853658536584,28
2026,2026-09-04 19:00:00 CDT,29,30.774312,100,0.30774312,Andrew Vaughn,683734,0.30215853658536584,29
2026,2026-09-04 19:00:00 CDT,30,30.774312,100,0.30774312,Andrew Vaughn,683734,0.30215853658536584,30
2026,2026-09-04 19:00:00 CDT,31,31.500478,100,0.31500478,Andrew Vaughn,683734,0.30215853658536584,31
2026,2026-09-02 19:00:00 CDT,32,31.343698,100,0.31343698,Andrew Vaughn,683734,0.30215853658536584,32
2026,2026-09-02 19:00:00 CDT,33,31.488698,100,0.31488698,Andrew Vaughn,683734,0.30215853658536584,33
2026,2026-09-02 19:00:00 CDT,34,31.932698,100,0.31932698,Andrew Vaughn,683734,0.30215853658536584,34
2026,2026-09-02 19:00:00 CDT,35,31.299864,100,0.31299864,Andrew Vaughn,683734,0.30215853658536584,35
2026,2026-09-01 19:00:00 CDT,36,31.334864,100,0.31334864,Andrew Vaughn,683734,0.30215853658536584,36
2026,2026-09-01 19:00:00 CDT,37,32.083864,100,0.32083864,Andrew Vaughn,683734,0.30215853658536584,37
2026,2026-09-01 19:00:00 CDT,38,32.181864,100,0.32181864,Andrew Vaughn,683734,0.30215853658536584,38
2026,2026-08-31 19:00:00 CDT,39,32.275864,100,0.32275864,Andrew Vaughn,683734,0.30215853658536584,39
2026,2026-08-31 19:00:00 CDT,40,32.811084,100,0.32811084,Andrew Vaughn,683734,0.30215853658536584,40
2026,2026-08-31 19:00:00 CDT,41,32.952084,100,0.32952084,Andrew Vaughn,683734,0.30215853658536584,41
2026,2026-08-30 19:00:00 CDT,42,32.689084,100,0.32689084,Andrew Vaughn,683734,0.30215853658536584,42
2026,2026-08-29 19:00:00 CDT,43,33.839084,100,0.33839084,Andrew Vaughn,683734,0.30215853658536584,43
2026,2026-08-29 19:00:00 CDT,44,33.992084,100,0.33992084,Andrew Vaughn,683734,0.30215853658536584,44
2026,2026-08-27 19:00:00 CDT,45,34.007084,100,0.34007084,Andrew Vaughn,683734,0.30215853658536584,45
2026,2026-08-26 19:00:00 CDT,46,34.732084,100,0.34732084,Andrew Vaughn,683734,0.30215853658536584,46
2026,2026-08-26 19:00:00 CDT,47,33.805084,100,0.33805084,Andrew Vaughn,683734,0.30215853658536584,47
2026,2026-08-26 19:00:00 CDT,48,33.075918,100,0.33075918,Andrew Vaughn,683734,0.30215853658536584,48
2026,2026-08-26 19:00:00 CDT,49,33.140918,100,0.33140918,Andrew Vaughn,683734,0.30215853658536584,49
2026,2026-08-26 19:00:00 CDT,50,33.748138,100,0.33748138,Andrew Vaughn,683734,0.30215853658536584,50
2026,2026-08-25 19:00:00 CDT,51,33.919138,100,0.33919138,Andrew Vaughn,683734,0.30215853658536584,51
2026,2026-08-25 19:00:00 CDT,52,33.972138,100,0.33972138,Andrew Vaughn,683734,0.30215853658536584,52
2026,2026-08-25 19:00:00 CDT,53,34.752138,100,0.34752138,Andrew Vaughn,683734,0.30215853658536584,53
2026,2026-08-25 19:00:00 CDT,54,34.148918,100,0.34148918,Andrew Vaughn,683734,0.30215853658536584,54
2026,2026-08-25 19:00:00 CDT,55,34.635918,100,0.34635918,Andrew Vaughn,683734,0.30215853658536584,55
2026,2026-08-24 19:00:00 CDT,56,34.538918,100,0.34538918,Andrew Vaughn,683734,0.30215853658536584,56
2026,2026-08-24 19:00:00 CDT,57,35.615918,100,0.35615918,Andrew Vaughn,683734,0.30215853658536584,57
2026,2026-08-24 19:00:00 CDT,58,35.543918,100,0.35543918,Andrew Vaughn,683734,0.30215853658536584,58
2026,2026-08-22 19:00:00 CDT,59,35.040918,100,0.35040918,Andrew Vaughn,683734,0.30215853658536584,59
2026,2026-08-22 19:00:00 CDT,60,35.620918,100,0.35620918,Andrew Vaughn,683734,0.30215853658536584,60
2026,2026-08-22 19:00:00 CDT,61,35.133918,100,0.35133918,Andrew Vaughn,683734,0.30215853658536584,61
2026,2026-08-22 19:00:00 CDT,62,35.133918,100,0.35133918,Andrew Vaughn,683734,0.30215853658536584,62
2026,2026-08-21 19:00:00 CDT,63,34.595918,100,0.34595918,Andrew Vaughn,683734,0.30215853658536584,63
2026,2026-08-21 19:00:00 CDT,64,34.529918,100,0.34529918,Andrew Vaughn,683734,0.30215853658536584,64
2026,2026-08-21 19:00:00 CDT,65,34.280698,100,0.34280698,Andrew Vaughn,683734,0.30215853658536584,65
2026,2026-08-20 19:00:00 CDT,66,34.346698,100,0.34346698,Andrew Vaughn,683734,0.30215853658536584,66
2026,2026-08-20 19:00:00 CDT,67,34.314698,100,0.34314698,Andrew Vaughn,683734,0.30215853658536584,67
2026,2026-08-20 19:00:00 CDT,68,34.485698,100,0.34485698,Andrew Vaughn,683734,0.30215853658536584,68
2026,2026-08-18 19:00:00 CDT,69,33.968698,100,0.33968698,Andrew Vaughn,683734,0.30215853658536584,69
2026,2026-08-18 19:00:00 CDT,70,33.367478,100,0.33367478,Andrew Vaughn,683734,0.30215853658536584,70
2026,2026-08-18 19:00:00 CDT,71,32.474478,100,0.32474478,Andrew Vaughn,683734,0.30215853658536584,71
2026,2026-08-18 19:00:00 CDT,72,32.391478,100,0.32391478,Andrew Vaughn,683734,0.30215853658536584,72
2026,2026-08-17 19:00:00 CDT,73,32.550478,100,0.32550478,Andrew Vaughn,683734,0.30215853658536584,73
2026,2026-08-17 19:00:00 CDT,74,32.826478,100,0.32826478,Andrew Vaughn,683734,0.30215853658536584,74
2026,2026-08-15 19:00:00 CDT,75,32.672478,100,0.32672478,Andrew Vaughn,683734,0.30215853658536584,75
2026,2026-08-15 19:00:00 CDT,76,32.777698,100,0.32777698,Andrew Vaughn,683734,0.30215853658536584,76
2026,2026-08-15 19:00:00 CDT,77,31.930698,100,0.31930698,Andrew Vaughn,683734,0.30215853658536584,77
2026,2026-08-15 19:00:00 CDT,78,31.728698,100,0.31728698,Andrew Vaughn,683734,0.30215853658536584,78
2026,2026-08-14 19:00:00 CDT,79,32.575698,100,0.32575698,Andrew Vaughn,683734,0.30215853658536584,79
2026,2026-08-14 19:00:00 CDT,80,32.575698,100,0.32575698,Andrew Vaughn,683734,0.30215853658536584,80
2026,2026-08-14 19:00:00 CDT,81,32.143698,100,0.32143698,Andrew Vaughn,683734,0.30215853658536584,81
2026,2026-08-13 19:00:00 CDT,82,31.811698,100,0.31811698,Andrew Vaughn,683734,0.30215853658536584,82
2026,2026-08-13 19:00:00 CDT,83,31.082532,100,0.31082532,Andrew Vaughn,683734,0.30215853658536584,83
2026,2026-08-13 19:00:00 CDT,84,31.768752,100,0.31768752,Andrew Vaughn,683734,0.30215853658536584,84
2026,2026-08-13 19:00:00 CDT,85,31.708752,100,0.31708752,Andrew Vaughn,683734,0.30215853658536584,85
2026,2026-08-12 19:00:00 CDT,86,31.645752,100,0.31645752,Andrew Vaughn,683734,0.30215853658536584,86
2026,2026-08-12 19:00:00 CDT,87,31.505532,100,0.31505532,Andrew Vaughn,683734,0.30215853658536584,87
2026,2026-08-12 19:00:00 CDT,88,31.536532,100,0.31536532,Andrew Vaughn,683734,0.30215853658536584,88
2026,2026-08-12 19:00:00 CDT,89,31.057532,100,0.31057532,Andrew Vaughn,683734,0.30215853658536584,89
2026,2026-08-12 19:00:00 CDT,90,31.057532,100,0.31057532,Andrew Vaughn,683734,0.30215853658536584,90
2026,2026-08-11 19:00:00 CDT,91,30.428532,100,0.30428532,Andrew Vaughn,683734,0.30215853658536584,91
2026,2026-08-11 19:00:00 CDT,92,30.486532,100,0.30486532,Andrew Vaughn,683734,0.30215853658536584,92
2026,2026-08-11 19:00:00 CDT,93,31.035532,100,0.31035532,Andrew Vaughn,683734,0.30215853658536584,93
2026,2026-08-11 19:00:00 CDT,94,31.733752,100,0.31733752,Andrew Vaughn,683734,0.30215853658536584,94
2026,2026-08-10 19:00:00 CDT,95,31.753752,100,0.31753752,Andrew Vaughn,683734,0.30215853658536584,95
2026,2026-08-10 19:00:00 CDT,96,32.332752,100,0.32332752,Andrew Vaughn,683734,0.30215853658536584,96
2026,2026-08-09 19:00:00 CDT,97,32.425752,100,0.32425752,Andrew Vaughn,683734,0.30215853658536584,97
2026,2026-08-09 19:00:00 CDT,98,32.465752,100,0.32465752,Andrew Vaughn,683734,0.30215853658536584,98
2026,2026-08-09 19:00:00 CDT,99,32.319752,100,0.32319752,Andrew Vaughn,683734,0.30215853658536584,99
2026,2026-08-09 19:00:00 CDT,100,32.342752,100,0.32342752,Andrew Vaughn,683734,0.30215853658536584,100
2026,2026-10-03 19:00:00 CDT,1,27.986026,100,0.27986026,Gary Sánchez,596142,0.30215853658536584,1
2026,2026-09-26 19:00:00 CDT,2,27.345806,100,0.27345806,Gary Sánchez,596142,0.30215853658536584,2
2026,2026-09-26 19:00:00 CDT,3,27.097806,100,0.27097806,Gary Sánchez,596142,0.30215853658536584,3
2026,2026-09-26 19:00:00 CDT,4,27.796026,100,0.27796026,Gary Sánchez,596142,0.30215853658536584,4
2026,2026-09-26 19:00:00 CDT,5,27.475246,100,0.27475246,Gary Sánchez,596142,0.30215853658536584,5
2026,2026-09-25 19:00:00 CDT,6,27.461246,100,0.27461246,Gary Sánchez,596142,0.30215853658536584,6
2026,2026-09-25 19:00:00 CDT,7,27.882466,100,0.27882466,Gary Sánchez,596142,0.30215853658536584,7
2026,2026-09-23 19:00:00 CDT,8,28.256466,100,0.28256466,Gary Sánchez,596142,0.30215853658536584,8
2026,2026-09-23 19:00:00 CDT,9,28.164466,100,0.28164466,Gary Sánchez,596142,0.30215853658536584,9
2026,2026-09-23 19:00:00 CDT,10,28.511686,100,0.28511686,Gary Sánchez,596142,0.30215853658536584,10
2026,2026-09-23 19:00:00 CDT,11,28.775686,100,0.28775686,Gary Sánchez,596142,0.30215853658536584,11
2026,2026-09-23 19:00:00 CDT,12,29.740686,100,0.29740686,Gary Sánchez,596142,0.30215853658536584,12
2026,2026-09-18 19:00:00 CDT,13,29.077466,100,0.29077466,Gary Sánchez,596142,0.30215853658536584,13
2026,2026-09-18 19:00:00 CDT,14,28.853466,100,0.28853466,Gary Sánchez,596142,0.30215853658536584,14
2026,2026-09-18 19:00:00 CDT,15,29.328686,100,0.29328686,Gary Sánchez,596142,0.30215853658536584,15
2026,2026-09-16 19:00:00 CDT,16,29.179686,100,0.29179686,Gary Sánchez,596142,0.30215853658536584,16
2026,2026-09-16 19:00:00 CDT,17,29.735906,100,0.29735906,Gary Sánchez,596142,0.30215853658536584,17
2026,2026-09-16 19:00:00 CDT,18,29.798906,100,0.29798906,Gary Sánchez,596142,0.30215853658536584,18
2026,2026-09-12 19:00:00 CDT,19,29.738126,100,0.29738126,Gary Sánchez,596142,0.30215853658536584,19
2026,2026-09-12 19:00:00 CDT,20,30.562126,100,0.30562126,Gary Sánchez,596142,0.30215853658536584,20
2026,2026-09-12 19:00:00 CDT,21,30.606126,100,0.30606126,Gary Sánchez,596142,0.30215853658536584,21
2026,2026-09-12 19:00:00 CDT,22,31.298346,100,0.31298346,Gary Sánchez,596142,0.30215853658536584,22
2026,2026-09-07 19:00:00 CDT,23,30.926346,100,0.30926346,Gary Sánchez,596142,0.30215853658536584,23
2026,2026-09-07 19:00:00 CDT,24,30.939346,100,0.30939346,Gary Sánchez,596142,0.30215853658536584,24
2026,2026-09-07 19:00:00 CDT,25,32.263126,100,0.32263126,Gary Sánchez,596142,0.30215853658536584,25
2026,2026-09-05 19:00:00 CDT,26,31.986906,100,0.31986906,Gary Sánchez,596142,0.30215853658536584,26
2026,2026-09-04 19:00:00 CDT,27,32.351906,100,0.32351906,Gary Sánchez,596142,0.30215853658536584,27
2026,2026-09-04 19:00:00 CDT,28,31.920906,100,0.31920906,Gary Sánchez,596142,0.30215853658536584,28
2026,2026-09-04 19:00:00 CDT,29,31.393906,100,0.31393906,Gary Sánchez,596142,0.30215853658536584,29
2026,2026-09-04 19:00:00 CDT,30,30.867686,100,0.30867686,Gary Sánchez,596142,0.30215853658536584,30
2026,2026-09-01 19:00:00 CDT,31,30.867686,100,0.30867686,Gary Sánchez,596142,0.30215853658536584,31
2026,2026-09-01 19:00:00 CDT,32,30.399686,100,0.30399686,Gary Sánchez,596142,0.30215853658536584,32
2026,2026-08-30 19:00:00 CDT,33,29.708466,100,0.29708466,Gary Sánchez,596142,0.30215853658536584,33
2026,2026-08-29 19:00:00 CDT,34,29.853466,100,0.29853466,Gary Sánchez,596142,0.30215853658536584,34
2026,2026-08-29 19:00:00 CDT,35,29.687686,100,0.29687686,Gary Sánchez,596142,0.30215853658536584,35
2026,2026-08-29 19:00:00 CDT,36,29.069466,100,0.29069466,Gary Sánchez,596142,0.30215853658536584,36
2026,2026-08-29 19:00:00 CDT,37,29.069466,100,0.29069466,Gary Sánchez,596142,0.30215853658536584,37
2026,2026-08-26 19:00:00 CDT,38,29.711466,100,0.29711466,Gary Sánchez,596142,0.30215853658536584,38
2026,2026-08-26 19:00:00 CDT,39,30.296686,100,0.30296686,Gary Sánchez,596142,0.30215853658536584,39
2026,2026-08-26 19:00:00 CDT,40,30.719686,100,0.30719686,Gary Sánchez,596142,0.30215853658536584,40
2026,2026-08-26 19:00:00 CDT,41,31.418686,100,0.31418686,Gary Sánchez,596142,0.30215853658536584,41
2026,2026-08-26 19:00:00 CDT,42,31.555686,100,0.31555686,Gary Sánchez,596142,0.30215853658536584,42
2026,2026-08-25 19:00:00 CDT,43,31.517686,100,0.31517686,Gary Sánchez,596142,0.30215853658536584,43
2026,2026-08-24 19:00:00 CDT,44,32.149686,100,0.32149686,Gary Sánchez,596142,0.30215853658536584,44
2026,2026-08-24 19:00:00 CDT,45,32.111686,100,0.32111686,Gary Sánchez,596142,0.30215853658536584,45
2026,2026-08-24 19:00:00 CDT,46,32.148686,100,0.32148686,Gary Sánchez,596142,0.30215853658536584,46
2026,2026-08-22 19:00:00 CDT,47,31.814686,100,0.31814686,Gary Sánchez,596142,0.30215853658536584,47
2026,2026-08-20 19:00:00 CDT,48,32.375686,100,0.32375686,Gary Sánchez,596142,0.30215853658536584,48
2026,2026-08-20 19:00:00 CDT,49,33.931686,100,0.33931686,Gary Sánchez,596142,0.30215853658536584,49
2026,2026-08-20 19:00:00 CDT,50,34.769686,100,0.34769686,Gary Sánchez,596142,0.30215853658536584,50
2026,2026-08-20 19:00:00 CDT,51,35.006686,100,0.35006686,Gary Sánchez,596142,0.30215853658536584,51
2026,2026-08-19 19:00:00 CDT,52,36.986686,100,0.36986686,Gary Sánchez,596142,0.30215853658536584,52
2026,2026-08-19 19:00:00 CDT,53,37.116686,100,0.37116686,Gary Sánchez,596142,0.30215853658536584,53
2026,2026-08-19 19:00:00 CDT,54,37.247686,100,0.37247686,Gary Sánchez,596142,0.30215853658536584,54
2026,2026-08-19 19:00:00 CDT,55,37.945906,100,0.37945906,Gary Sánchez,596142,0.30215853658536584,55
2026,2026-08-15 19:00:00 CDT,56,37.671906,100,0.37671906,Gary Sánchez,596142,0.30215853658536584,56
2026,2026-08-15 19:00:00 CDT,57,37.671906,100,0.37671906,Gary Sánchez,596142,0.30215853658536584,57
2026,2026-08-15 19:00:00 CDT,58,37.535906,100,0.37535906,Gary Sánchez,596142,0.30215853658536584,58
2026,2026-08-15 19:00:00 CDT,59,37.567906,100,0.37567906,Gary Sánchez,596142,0.30215853658536584,59
2026,2026-08-15 19:00:00 CDT,60,37.728906,100,0.37728906,Gary Sánchez,596142,0.30215853658536584,60
2026,2026-08-14 19:00:00 CDT,61,37.728906,100,0.37728906,Gary Sánchez,596142,0.30215853658536584,61
2026,2026-08-14 19:00:00 CDT,62,36.99974,100,0.3699974,Gary Sánchez,596142,0.30215853658536584,62
2026,2026-08-14 19:00:00 CDT,63,36.59774,100,0.3659774,Gary Sánchez,596142,0.30215853658536584,63
2026,2026-08-13 19:00:00 CDT,64,36.31774,100,0.3631774,Gary Sánchez,596142,0.30215853658536584,64
2026,2026-08-12 19:00:00 CDT,65,36.31774,100,0.3631774,Gary Sánchez,596142,0.30215853658536584,65
2026,2026-08-12 19:00:00 CDT,66,36.65474,100,0.3665474,Gary Sánchez,596142,0.30215853658536584,66
2026,2026-08-12 19:00:00 CDT,67,37.35296,100,0.3735296,Gary Sánchez,596142,0.30215853658536584,67
2026,2026-08-12 19:00:00 CDT,68,37.838126,100,0.37838126,Gary Sánchez,596142,0.30215853658536584,68
2026,2026-08-12 19:00:00 CDT,69,38.022346,100,0.38022346,Gary Sánchez,596142,0.30215853658536584,69
2026,2026-08-11 19:00:00 CDT,70,37.626126,100,0.37626126,Gary Sánchez,596142,0.30215853658536584,70
2026,2026-08-11 19:00:00 CDT,71,37.051126,100,0.37051126,Gary Sánchez,596142,0.30215853658536584,71
2026,2026-08-11 19:00:00 CDT,72,37.056126,100,0.37056126,Gary Sánchez,596142,0.30215853658536584,72
2026,2026-08-11 19:00:00 CDT,73,36.361906,100,0.36361906,Gary Sánchez,596142,0.30215853658536584,73
2026,2026-08-11 19:00:00 CDT,74,36.371906,100,0.36371906,Gary Sánchez,596142,0.30215853658536584,74
2026,2026-08-10 19:00:00 CDT,75,35.913906,100,0.35913906,Gary Sánchez,596142,0.30215853658536584,75
2026,2026-08-08 19:00:00 CDT,76,36.612126,100,0.36612126,Gary Sánchez,596142,0.30215853658536584,76
2026,2026-08-08 19:00:00 CDT,77,36.133906,100,0.36133906,Gary Sánchez,596142,0.30215853658536584,77
2026,2026-08-08 19:00:00 CDT,78,36.128906,100,0.36128906,Gary Sánchez,596142,0.30215853658536584,78
2026,2026-08-08 19:00:00 CDT,79,35.391906,100,0.35391906,Gary Sánchez,596142,0.30215853658536584,79
2026,2026-08-05 19:00:00 CDT,80,36.090126,100,0.36090126,Gary Sánchez,596142,0.30215853658536584,80
2026,2026-08-05 19:00:00 CDT,81,35.526126,100,0.35526126,Gary Sánchez,596142,0.30215853658536584,81
2026,2026-08-05 19:00:00 CDT,82,34.446126,100,0.34446126,Gary Sánchez,596142,0.30215853658536584,82
2026,2026-07-28 19:00:00 CDT,83,35.037126,100,0.35037126,Gary Sánchez,596142,0.30215853658536584,83
2026,2026-07-28 19:00:00 CDT,84,35.124126,100,0.35124126,Gary Sánchez,596142,0.30215853658536584,84
2026,2026-07-28 19:00:00 CDT,85,34.913126,100,0.34913126,Gary Sánchez,596142,0.30215853658536584,85
2026,2026-07-28 19:00:00 CDT,86,35.104126,100,0.35104126,Gary Sánchez,596142,0.30215853658536584,86
2026,2026-07-25 19:00:00 CDT,87,35.785346,100,0.35785346,Gary Sánchez,596142,0.30215853658536584,87
2026,2026-07-25 19:00:00 CDT,88,34.913346,100,0.34913346,Gary Sánchez,596142,0.30215853658536584,88
2026,2026-07-25 19:00:00 CDT,89,34.428126,100,0.34428126,Gary Sánchez,596142,0.30215853658536584,89
2026,2026-07-25 19:00:00 CDT,90,34.428126,100,0.34428126,Gary Sánchez,596142,0.30215853658536584,90
2026,2026-07-23 19:00:00 CDT,91,34.384126,100,0.34384126,Gary Sánchez,596142,0.30215853658536584,91
2026,2026-07-20 19:00:00 CDT,92,34.384126,100,0.34384126,Gary Sánchez,596142,0.30215853658536584,92
2026,2026-07-20 19:00:00 CDT,93,34.429126,100,0.34429126,Gary Sánchez,596142,0.30215853658536584,93
2026,2026-07-20 19:00:00 CDT,94,34.403126,100,0.34403126,Gary Sánchez,596142,0.30215853658536584,94
2026,2026-07-18 19:00:00 CDT,95,34.406126,100,0.34406126,Gary Sánchez,596142,0.30215853658536584,95
2026,2026-07-18 19:00:00 CDT,96,34.777346,100,0.34777346,Gary Sánchez,596142,0.30215853658536584,96
2026,2026-07-18 19:00:00 CDT,97,34.111126,100,0.34111126,Gary Sánchez,596142,0.30215853658536584,97
2026,2026-07-11 19:00:00 CDT,98,34.228126,100,0.34228126,Gary Sánchez,596142,0.30215853658536584,98
2026,2026-07-11 19:00:00 CDT,99,33.759906,100,0.33759906,Gary Sánchez,596142,0.30215853658536584,99
2026,2026-07-11 19:00:00 CDT,100,34.113126,100,0.34113126,Gary Sánchez,596142,0.30215853658536584,100
