{
  "year": 2026,
  "league_avg_xwoba": 0.29618647540983606,
  "timestamp": "2026-04-06T15:22:41.832812"
}