{
  "year": 2026,
  "league_avg_xwoba": 0.3127328244274809,
  "timestamp": "2026-05-04T08:57:59.298426"
}