{
  "year": 2026,
  "league_avg_xwoba": 0.2997415966386554,
  "timestamp": "2026-04-16T12:32:39.634728"
}