{
  "year": 2026,
  "league_avg_xwoba": 0.29939751552795035,
  "timestamp": "2026-04-15T08:42:09.658479"
}