{
  "year": 2026,
  "league_avg_xwoba": 0.3123291139240506,
  "timestamp": "2026-05-05T15:42:37.479354"
}