{
  "year": 2026,
  "league_avg_xwoba": 0.3123291139240506,
  "timestamp": "2026-05-05T12:35:06.738965"
}