{
  "year": 2026,
  "league_avg_xwoba": 0.29535546875,
  "timestamp": "2026-03-29T11:21:03.090210"
}