{
  "year": 2026,
  "league_avg_xwoba": 0.29535546875,
  "timestamp": "2026-03-30T03:10:36.309374"
}