{
  "year": 2026,
  "league_avg_xwoba": 0.3122378516624041,
  "timestamp": "2026-05-02T15:21:32.095343"
}