{
  "year": 2026,
  "league_avg_xwoba": 0.29535546875,
  "timestamp": "2026-03-29T23:13:46.387441"
}