{
  "year": 2026,
  "league_avg_xwoba": 0.29577582846003897,
  "timestamp": "2026-03-28T23:43:47.793489"
}