{
  "year": 2026,
  "league_avg_xwoba": 0.29551467710371815,
  "timestamp": "2026-03-31T08:31:28.263712"
}