{
  "year": 2026,
  "league_avg_xwoba": 0.30365324384787473,
  "timestamp": "2026-04-21T15:35:59.279679"
}