{
  "year": 2026,
  "league_avg_xwoba": 0.2953823529411765,
  "timestamp": "2026-03-31T11:29:57.762117"
}