{
  "year": 2026,
  "league_avg_xwoba": 0.29551467710371815,
  "timestamp": "2026-03-30T12:28:18.654112"
}