{
  "year": 2026,
  "league_avg_xwoba": 0.30283552631578947,
  "timestamp": "2026-04-20T12:35:17.508450"
}