{
  "year": 2026,
  "league_avg_xwoba": 0.29577582846003897,
  "timestamp": "2026-03-29T03:11:56.658449"
}