{
  "year": 2026,
  "league_avg_xwoba": 0.3116777493606138,
  "timestamp": "2026-05-02T08:38:04.646066"
}