{
  "year": 2026,
  "league_avg_xwoba": 0.29479803921568626,
  "timestamp": "2026-04-02T12:28:13.562348"
}